date,close_EUR
2010-07-19,-1
2010-07-26,-1
2010-08-02,-1
2010-08-09,-1
2010-08-16,-1
2010-08-23,-1
2010-08-30,-1
2010-09-06,-1
2010-09-13,-1
2010-09-20,-1
2010-09-27,-1
2010-10-04,-1
2010-10-11,-1
2010-10-18,-1
2010-10-25,-1
2010-11-01,-1
2010-11-08,-1
2010-11-15,-1
2010-11-22,-1
2010-11-29,-1
2010-12-06,-1
2010-12-13,-1
2010-12-20,-1
2010-12-27,-1
2011-01-03,-1
2011-01-10,-1
2011-01-17,-1
2011-01-24,-1
2011-01-31,-1
2011-02-07,-1
2011-02-14,-1
2011-02-21,-1
2011-02-28,-1
2011-03-07,-1
2011-03-14,-1
2011-03-21,-1
2011-03-28,-1
2011-04-04,-1
2011-04-11,-1
2011-04-18,-1
2011-04-25,-1
2011-05-02,-1
2011-05-09,-1
2011-05-16,-1
2011-05-23,-1
2011-05-30,-1
2011-06-06,-1
2011-06-13,-1
2011-06-20,-1
2011-06-27,-1
2011-07-04,-1
2011-07-11,-1
2011-07-18,-1
2011-07-25,-1
2011-08-01,-1
2011-08-08,-1
2011-08-15,-1
2011-08-22,-1
2011-08-29,-1
2011-09-05,-1
2011-09-12,-1
2011-09-19,-1
2011-09-26,-1
2011-10-03,-1
2011-10-10,-1
2011-10-17,-1
2011-10-24,-1
2011-10-31,-1
2011-11-07,-1
2011-11-14,-1
2011-11-21,-1
2011-11-28,-1
2011-12-05,-1
2011-12-12,-1
2011-12-19,-1
2011-12-26,-1
2012-01-02,-1
2012-01-09,-1
2012-01-16,-1
2012-01-23,-1
2012-01-30,-1
2012-02-06,-1
2012-02-13,-1
2012-02-20,-1
2012-02-27,-1
2012-03-05,-1
2012-03-12,-1
2012-03-19,-1
2012-03-26,-1
2012-04-02,-1
2012-04-09,-1
2012-04-16,-1
2012-04-23,-1
2012-04-30,-1
2012-05-07,-1
2012-05-14,-1
2012-05-21,-1
2012-05-28,-1
2012-06-04,-1
2012-06-11,-1
2012-06-18,-1
2012-06-25,-1
2012-07-02,-1
2012-07-09,-1
2012-07-16,-1
2012-07-23,-1
2012-07-30,-1
2012-08-06,-1
2012-08-13,-1
2012-08-20,-1
2012-08-27,-1
2012-09-03,-1
2012-09-10,-1
2012-09-17,-1
2012-09-24,-1
2012-10-01,-1
2012-10-08,-1
2012-10-15,-1
2012-10-22,-1
2012-10-29,-1
2012-11-05,-1
2012-11-12,-1
2012-11-19,-1
2012-11-26,-1
2012-12-03,-1
2012-12-10,-1
2012-12-17,-1
2012-12-24,-1
2012-12-31,-1
2013-01-07,-1
2013-01-14,-1
2013-01-21,-1
2013-01-28,-1
2013-02-04,-1
2013-02-11,-1
2013-02-18,-1
2013-02-25,-1
2013-03-04,-1
2013-03-11,-1
2013-03-18,-1
2013-03-25,-1
2013-04-01,-1
2013-04-08,-1
2013-04-15,-1
2013-04-22,-1
2013-04-29,-1
2013-05-06,-1
2013-05-13,-1
2013-05-20,-1
2013-05-27,-1
2013-06-03,-1
2013-06-10,-1
2013-06-17,-1
2013-06-24,-1
2013-07-01,-1
2013-07-08,-1
2013-07-15,-1
2013-07-22,-1
2013-07-29,-1
2013-08-05,-1
2013-08-12,-1
2013-08-19,-1
2013-08-26,-1
2013-09-02,-1
2013-09-09,-1
2013-09-16,-1
2013-09-23,-1
2013-09-30,-1
2013-10-03,91.6
2013-10-10,104.9
2013-10-17,147.4
2013-10-24,149.7
2013-10-31,200
2013-11-07,299.1
2013-11-14,468.9
2013-11-21,746
2013-11-28,828.5
2013-12-05,652.5
2013-12-12,386.6
2013-12-19,496.6
2013-12-26,546
2014-01-02,613.4
2014-01-09,624.4
2014-01-16,605.7
2014-01-23,580.5
2014-01-30,590.3
2014-02-06,492.1
2014-02-13,457
2014-02-20,432.7
2014-02-27,487.5
2014-03-06,460.2
2014-03-13,441.2
2014-03-20,425
2014-03-27,326
2014-04-03,324
2014-04-10,376.9
2014-04-17,354.1
2014-04-24,323.6
2014-05-01,318
2014-05-08,327.9
2014-05-15,360.2
2014-05-22,424.8
2014-05-29,471.4
2014-06-05,460.4
2014-06-12,446.6
2014-06-19,412.9
2014-06-26,471
2014-07-03,458.1
2014-07-10,456.3
2014-07-17,459.2
2014-07-24,423.2
2014-07-31,434.8
2014-08-07,410
2014-08-14,396.3
2014-08-21,386
2014-08-28,361.7
2014-09-04,368.7
2014-09-11,352
2014-09-18,331.5
2014-09-25,304
2014-10-02,284.5
2014-10-09,310.6
2014-10-16,301
2014-10-23,266
2014-10-30,270.2
2014-11-06,330
2014-11-13,304.7
2014-11-20,294.2
2014-11-27,303.2
2014-12-04,278.2
2014-12-11,262
2014-12-18,264.6
2014-12-25,265.3
2015-01-01,249
2015-01-08,154
2015-01-15,196.1
2015-01-22,210.9
2015-01-29,201
2015-02-05,194.8
2015-02-12,207.3
2015-02-19,208.7
2015-02-26,245.7
2015-03-05,279.4
2015-03-12,240
2015-03-19,225.9
2015-03-26,229.6
2015-04-02,227.1
2015-04-09,209.9
2015-04-16,218
2015-04-23,203.3
2015-04-30,204
2015-05-07,207.5
2015-05-14,207.2
2015-05-21,213.2
2015-05-28,201.1
2015-06-04,201.4
2015-06-11,216.9
2015-06-18,214.5
2015-06-25,233.4
2015-07-02,244.6
2015-07-09,259.9
2015-07-16,253.5
2015-07-23,262.4
2015-07-30,259.3
2015-08-06,240.8
2015-08-13,208.3
2015-08-20,200.1
2015-08-27,205
2015-09-03,213.6
2015-09-10,202.5
2015-09-17,205
2015-09-24,211.3
2015-10-01,215.7
2015-10-08,219.6
2015-10-15,235.1
2015-10-22,276.6
2015-10-29,372.2
2015-11-05,292.3
2015-11-12,314
2015-11-19,309.9
2015-11-26,338.5
2015-12-03,378
2015-12-10,414.4
2015-12-17,402.5
2015-12-24,390
2015-12-31,400.7
2016-01-07,398.7
2016-01-14,385.9
2016-01-21,365
2016-01-28,334
2016-02-04,336.7
2016-02-11,371.6
2016-02-18,385.1
2016-02-25,386.5
2016-03-03,374.9
2016-03-10,372.1
2016-03-17,372.5
2016-03-24,365.6
2016-03-31,371.4
2016-04-07,375.5
2016-04-14,390.6
2016-04-21,392.2
2016-04-28,390.8
2016-05-05,397.3
2016-05-12,403.2
2016-05-19,401.9
2016-05-26,478.9
2016-06-02,510.9
2016-06-09,617.5
2016-06-16,533.8
2016-06-23,577.6
2016-06-30,614
2016-07-07,592.7
2016-07-14,606
2016-07-21,591
2016-07-28,510
2016-08-04,531.2
2016-08-11,508.4
2016-08-18,515
2016-08-25,514.3
2016-09-01,545.9
2016-09-08,542.8
2016-09-15,533.9
2016-09-22,539.7
2016-09-29,550.4
2016-10-06,577.4
2016-10-13,576.9
2016-10-20,620.7
2016-10-27,669.2
2016-11-03,661
2016-11-10,692.8
2016-11-17,702.9
2016-11-24,701.7
2016-12-01,717.9
2016-12-08,740.5
2016-12-15,800
2016-12-22,938.8
2016-12-29,1067.3
2017-01-05,750
2017-01-12,843
2017-01-19,836
2017-01-26,919.8
2017-02-02,987.5
2017-02-09,958.3
2017-02-16,1064.9
2017-02-23,1155.1
2017-03-02,1063
2017-03-09,1169.9
2017-03-16,959.7
2017-03-23,962
2017-03-30,1060
2017-04-06,1139.9
2017-04-13,1127.7
2017-04-20,1181
2017-04-27,1377.3
2017-05-04,1636.8
2017-05-11,1649.9
2017-05-18,2117.9
2017-05-25,2045.8
2017-06-01,2412
2017-06-08,2209.9
2017-06-15,2361.8
2017-06-22,2240
2017-06-29,2293.5
2017-07-06,2091.1
2017-07-13,1964
2017-07-20,2179.8
2017-07-27,2277.7
2017-08-03,2864.5
2017-08-10,3740
2017-08-17,3549.8
2017-08-24,3833.1
2017-08-31,3903.9
2017-09-07,3240.9
2017-09-14,3240
2017-09-21,3565
2017-09-28,3595
2017-10-05,4056.9
2017-10-12,4748.2
2017-10-19,4880
2017-10-26,5799.9
2017-11-02,6458.1
2017-11-09,6214.9
2017-11-16,6978.1
2017-11-23,8383.1
2017-11-30,11450
2017-12-07,13273
2017-12-14,13899.9
2017-12-21,13010
2017-12-28,12647
2018-01-04,12399
2018-01-11,9248.5
2018-01-18,9220.9
2018-01-25,8147.8
2018-02-01,6167
2018-02-08,7625.8
2018-02-15,8515
2018-02-22,8429
2018-03-01,8022.1
2018-03-08,6624
2018-03-15,7213.2
2018-03-22,6440.7
2018-03-29,5524.9
2018-04-05,5602.1
2018-04-12,6599
2018-04-19,7272.8
2018-04-26,7695.7
2018-05-03,7848.2
2018-05-10,7063
2018-05-17,6427.7
2018-05-24,6335.2
2018-05-31,6499.3
2018-06-07,5339.3
2018-06-14,5832.6
2018-06-21,5305.5
2018-06-28,5649
2018-07-05,5459.8
2018-07-12,6320.4
2018-07-19,6954.6
2018-07-26,6499.9
2018-08-02,5412.7
2018-08-09,5537.3
2018-08-16,5479.4
2018-08-23,5996.6
2018-08-30,5753.4
2018-09-06,5442.7
2018-09-13,5478.2
2018-09-20,5494.8
2018-09-27,5621.2
2018-10-04,5669.9
2018-10-11,5607.1
2018-10-18,5628.1
2018-10-25,5579
2018-11-01,5689.4
2018-11-08,4983.3
2018-11-15,3989.7
2018-11-22,3722.9
2018-11-29,3259.2
2018-12-06,3023.3
2018-12-13,3238.8
2018-12-20,3357.4
2018-12-27,3440.5
2019-01-03,3465.2
2019-01-10,3168
2019-01-17,3126.6
2019-01-24,3000.2
2019-01-31,2965.6
2019-02-07,3179.9
2019-02-14,3479.2
2019-02-21,3339.5
2019-02-28,3402.7
2019-03-07,3397.7
2019-03-14,3531.8
2019-03-21,3576.1
2019-03-28,4423.9
2019-04-04,4728.3
2019-04-11,4628.2
2019-04-18,4887.4
2019-04-25,4755.6
2019-05-02,5302.3
2019-05-09,7316.2
2019-05-16,6840
2019-05-23,7781.1
2019-05-30,6939.2
2019-06-06,7241.6
2019-06-13,8256.3
2019-06-20,11127.2
2019-06-27,10609.8
2019-07-04,10760.1
2019-07-11,8644.4
2019-07-18,8780
2019-07-25,9100.4
2019-08-01,10670
2019-08-08,8997
2019-08-15,9140
2019-08-22,8780.5
2019-08-29,9584.4
2019-09-05,9232.4
2019-09-12,9222.4
2019-09-19,7715.7
2019-09-26,7658.3
2019-10-03,7813.3
2019-10-10,7225.8
2019-10-17,6723.1
2019-10-24,8224.5
2019-10-31,8447.3
2019-11-07,7963.7
2019-11-14,7297.6
2019-11-21,6849.6
2019-11-28,6493.2
2019-12-05,6478.4
2019-12-12,6557
2019-12-19,6482.4
2019-12-26,6401.1
2020-01-02,7246.6
2020-01-09,7912.3
2020-01-16,7810
2020-01-23,8429.8
2020-01-30,8729.9
2020-02-06,9526.5
2020-02-13,8896.2
2020-02-20,8072.1
2020-02-27,7872.7
2020-03-05,7046.5
2020-03-12,4953
2020-03-19,6159.7
2020-03-26,6076.9
2020-04-02,6784.9
2020-04-09,6087.9
2020-04-16,6590
2020-04-23,8074.9
2020-04-30,8502.3
2020-05-07,8621.3
2020-05-14,8671
2020-05-21,8364.9
2020-05-28,8601.1
2020-06-04,8705
2020-06-11,8420.1
2020-06-18,8270.3
2020-06-25,8216.3
2020-07-02,8339.8
2020-07-09,8059
2020-07-16,8233.2
2020-07-23,9443.2
2020-07-30,9906.8
2020-08-06,9827
2020-08-13,9937.5
2020-08-20,9688
2020-08-27,9639.2
2020-09-03,8678
2020-09-10,9286.2
2020-09-17,8788.7
2020-09-24,9189.9
2020-10-01,9065.9
2020-10-08,9740.5
2020-10-15,10775.9
2020-10-22,11316.1
2020-10-29,12065
2020-11-05,13323.9
2020-11-12,15000.8
2020-11-19,15718.8
2020-11-26,15873.2
2020-12-03,15378.8
2020-12-10,17490
2020-12-17,19093.3
2020-12-24,23481.3
2020-12-31,29789
2021-01-07,30726.1
2021-01-14,29282.9
2021-01-21,25141.3
2021-01-28,31249.9
2021-02-04,37024.6
2021-02-11,43297.4
2021-02-18,40914.5
2021-02-25,41876.6
2021-03-04,46864.2
2021-03-11,49130.7
2021-03-18,44349.2
2021-03-25,50008.3
2021-04-01,47233.5
2021-04-08,52596.5
2021-04-15,44754.4
2021-04-22,45250.4
2021-04-29,47742.4
2021-05-06,41026.6
2021-05-13,30279.3
2021-05-20,32247.7
2021-05-27,30800
2021-06-03,30718.8
2021-06-10,31958.6
2021-06-17,28237.8
2021-06-24,29580.4
2021-07-01,28748.5
2021-07-08,27729.6
2021-07-15,27250.2
2021-07-22,33787.4
2021-07-29,33577.3
2021-08-05,38821
2021-08-12,38249.9
2021-08-19,41632.6
2021-08-26,41196.9
2021-09-02,39003.5
2021-09-09,40728.9
2021-09-16,37292.3
2021-09-23,35771.9
2021-09-30,47800.2
2021-10-07,49436.8
2021-10-14,56560.7
2021-10-21,50451.5
2021-10-28,54182.9
2021-11-04,56574.9
2021-11-11,53378
2021-11-18,51059
2021-11-25,50601.1
2021-12-02,44535.1
2021-12-09,43277.8
2021-12-16,42922.1
2021-12-23,40921.4
2021-12-30,38437.5
2022-01-06,38438.9
2022-01-13,36780.6
2022-01-20,32781
2022-01-27,32675.8
2022-02-03,38880.7
2022-02-10,38599.5
2022-02-17,32928
2022-02-24,39499.9
2022-02-27,-1
2022-02-28,-1
2022-03-01,-1
2022-03-02,-1
2022-03-03,-1
2022-03-04,-1
2022-03-05,-1
2022-03-06,-1
2022-03-07,-1
2022-03-08,-1
2022-03-09,-1
2022-03-10,-1
2022-03-11,-1
2022-03-12,-1
2022-03-13,-1
2022-03-14,-1
2022-03-15,-1
2022-03-16,-1
2022-03-17,-1
2022-03-18,-1
2022-03-19,-1
2022-03-20,-1
2022-03-21,-1
2022-03-22,-1
2022-03-23,-1
2022-03-24,-1
2022-03-25,-1
2022-03-26,-1
2022-03-27,-1
2022-03-28,-1
2022-03-29,-1
2022-03-30,-1
2022-03-31,-1
2022-04-01,-1
2022-04-02,-1
2022-04-03,-1
2022-04-04,-1
2022-04-05,-1
2022-04-06,-1
2022-04-07,-1
2022-04-08,-1
2022-04-09,-1
2022-04-10,-1
2022-04-11,-1
2022-04-12,-1
2022-04-13,-1
2022-04-14,-1
2022-04-15,-1
2022-04-16,-1
2022-04-17,-1
2022-04-18,-1
2022-04-19,-1
2022-04-20,-1
2022-04-21,-1
2022-04-22,-1
2022-04-23,-1
2022-04-24,-1
2022-04-25,-1
2022-04-26,-1
2022-04-27,-1
2022-04-28,-1
2022-04-29,-1
2022-04-30,-1
2022-05-01,-1
2022-05-02,-1
2022-05-03,-1
2022-05-04,-1
2022-05-05,-1
2022-05-06,-1
2022-05-07,-1
2022-05-08,-1
2022-05-09,-1
2022-05-10,-1
2022-05-11,-1
2022-05-12,-1
2022-05-13,-1
2022-05-14,-1
2022-05-15,-1
2022-05-16,-1
2022-05-17,-1
2022-05-18,-1
2022-05-19,-1
2022-05-20,-1
2022-05-21,-1
2022-05-22,-1
2022-05-23,-1
2022-05-24,-1
2022-05-25,-1
2022-05-26,-1
2022-05-27,-1
2022-05-28,-1
2022-05-29,-1
2022-05-30,-1
2022-05-31,-1
2022-06-01,-1
2022-06-02,-1
2022-06-03,-1
2022-06-04,-1
2022-06-05,-1
2022-06-06,-1
2022-06-07,-1
2022-06-08,-1
2022-06-09,-1
2022-06-10,-1
2022-06-11,-1
2022-06-12,-1
2022-06-13,-1
2022-06-14,-1
2022-06-15,-1
2022-06-16,-1
2022-06-17,-1
2022-06-18,-1
2022-06-19,-1
2022-06-20,-1
2022-06-21,-1
2022-06-22,-1
2022-06-23,-1
2022-06-24,-1
2022-06-25,-1
2022-06-26,-1
2022-06-27,-1
2022-06-28,-1
2022-06-29,-1
2022-06-30,-1
2022-07-01,18523
2022-07-02,18445
2022-07-03,18496
2022-07-04,19380
2022-07-05,19645
2022-07-06,20173
2022-07-07,20172.7
2022-07-08,21194
2022-07-09,21190
2022-07-10,20506
2022-07-11,19883
2022-07-12,19296
2022-07-13,20151
2022-07-14,22821
2022-07-15,20668
2022-07-16,21022
2022-07-17,20628
2022-07-18,22140
2022-07-19,22812
2022-07-20,22876
2022-07-21,22499.6
2022-07-22,22231
2022-07-23,21997
2022-07-24,22186
2022-07-25,20850
2022-07-26,21002
2022-07-27,22501
2022-07-28,22471.5
2022-07-29,23424
2022-07-30,23121
2022-07-31,22834
2022-08-01,22738
2022-08-02,22679
2022-08-03,22463
2022-08-04,23260
2022-08-05,22864
2022-08-06,22545
2022-08-07,22789
2022-08-08,23355
2022-08-09,22700
2022-08-10,23273
2022-08-11,22933.9
2022-08-12,23768
2022-08-13,23836
2022-08-14,23722
2022-08-15,23758
2022-08-16,23464
2022-08-17,22944
2022-08-18,21428.5
2022-08-19,20750
2022-08-20,21056
2022-08-21,21557
2022-08-22,21544
2022-08-23,21608
2022-08-24,21477
2022-08-25,19975.4
2022-08-26,20569
2022-08-27,20134
2022-08-28,19699
2022-08-29,20274
2022-08-30,19750
2022-08-31,19970
2022-09-01,19287.5
2022-09-02,20091
2022-09-03,19922
2022-09-04,20160
2022-09-05,19922
2022-09-06,19003
2022-09-07,19289
2022-09-08,20264.8
2022-09-09,21275
2022-09-10,21562
2022-09-11,21661
2022-09-12,22120
2022-09-13,20209
2022-09-14,20277
2022-09-15,18787.6
2022-09-16,19752
2022-09-17,20099
2022-09-18,19368
2022-09-19,19490
2022-09-20,18922
2022-09-21,18788
2022-09-22,19993.5
2022-09-23,19902
2022-09-24,19518
2022-09-25,19392
2022-09-26,19993
2022-09-27,19900
2022-09-28,20001
2022-09-29,20342.9
2022-09-30,19839
2022-10-01,19714
2022-10-02,19456
2022-10-03,19962
2022-10-04,20382
2022-10-05,20355
2022-10-06,19734.4
2022-10-07,20160
2022-10-08,19951
2022-10-09,19982
2022-10-10,19723
2022-10-11,19677
2022-10-12,19736
2022-10-13,19585.5
2022-10-14,19728
2022-10-15,19627
2022-10-16,19776
2022-10-17,19871
2022-10-18,19606
2022-10-19,19589
2022-10-20,20582.7
2022-10-21,19451
2022-10-22,19492
2022-10-23,19831
2022-10-24,19561
2022-10-25,20174
2022-10-26,20583
2022-10-27,20527.5
2022-10-28,20670
2022-10-29,20879
2022-10-30,20720
2022-10-31,20726
2022-11-01,20739
2022-11-02,20536
2022-11-03,15864.9
2022-11-04,21231
2022-11-05,21372
2022-11-06,21067
2022-11-07,20517
2022-11-08,18468
2022-11-09,16334
2022-11-10,16022.3
2022-11-11,16455
2022-11-12,16282
2022-11-13,15949
2022-11-14,16111
2022-11-15,16336
2022-11-16,16102
2022-11-17,15925.5
2022-11-18,16121
2022-11-19,16241
2022-11-20,15961
2022-11-21,15510
2022-11-22,15788
2022-11-23,16094
2022-11-24,16473.8
2022-11-25,15929
2022-11-26,16022
2022-11-27,16134
2022-11-28,15907
2022-11-29,15914
2022-11-30,16494
2022-12-01,16015.6
2022-12-02,16250
2022-12-03,16050
2022-12-04,16246
2022-12-05,16170
2022-12-06,16324
2022-12-07,16139
2022-12-08,16676.7
2022-12-09,16258
2022-12-10,16250
2022-12-11,16249
2022-12-12,16331
2022-12-13,16774
2022-12-14,16668
2022-12-15,15845
2022-12-16,15697
2022-12-17,15870
2022-12-18,15848
2022-12-19,15491
2022-12-20,15903
2022-12-21,15865
2022-12-22,15549
2022-12-23,15800
2022-12-24,15867
2022-12-25,15877
2022-12-26,15907
2022-12-27,15726
2022-12-28,15588
2022-12-29,15633
2022-12-30,15591
2022-12-31,15591
2023-01-01,15532
2023-01-02,15647
2023-01-03,15821
2023-01-04,15898
2023-01-05,16007
2023-01-06,15943
2023-01-07,15929
2023-01-08,16111
2023-01-09,16037
2023-01-10,16251
2023-01-11,16657
2023-01-12,17416
2023-01-13,18426
2023-01-14,19420
2023-01-15,19302
2023-01-16,19582
2023-01-17,19636
2023-01-18,19194
2023-01-19,19530
2023-01-20,20927
2023-01-21,21065
2023-01-22,20963
2023-01-23,21146
2023-01-24,20794
2023-01-25,21210
2023-01-26,21166
2023-01-27,21257
2023-01-28,21203
2023-01-29,21856
2023-01-30,21044
2023-01-31,21296
2023-02-01,21544
2023-02-02,21536
2023-02-03,21712
2023-02-04,21594
2023-02-05,21258
2023-02-06,21223
2023-02-07,21672
2023-02-08,21434
2023-02-09,20296
2023-02-10,20270
2023-02-11,20501
2023-02-12,20405
2023-02-13,20294
2023-02-14,20682
2023-02-15,22741
2023-02-16,22050
2023-02-17,22959
2023-02-18,23025
2023-02-19,22726
2023-02-20,23223
2023-02-21,22949
2023-02-22,22802
2023-02-23,22595
2023-02-24,21999
2023-02-25,22002
2023-02-26,22327
2023-02-27,22134
2023-02-28,21929
2023-03-01,22056
2023-03-02,22198
2023-03-03,21007
2023-03-04,21016
2023-03-05,21093
2023-03-06,20992
2023-03-07,20980
2023-03-08,20664
2023-03-09,19201
2023-03-10,18882
2023-03-11,19111
2023-03-12,20464
2023-03-13,22433
2023-03-14,22853
2023-03-15,23078
2023-03-16,23547
2023-03-17,25900
2023-03-18,25415
2023-03-19,26390
2023-03-20,26125
2023-03-21,26086
2023-03-22,25038
2023-03-23,26252
2023-03-24,25499
2023-03-25,25545
2023-03-26,25973
2023-03-27,25117
2023-03-28,25090
2023-03-29,26172
2023-03-30,25686
2023-03-31,26368
2023-04-01,26331
2023-04-02,25995
2023-04-03,25665
2023-04-04,25687
2023-04-05,25854
2023-04-06,25697
2023-04-07,25607
2023-04-08,25667
2023-04-09,26032
2023-04-10,27262
2023-04-11,27732
2023-04-12,27226
2023-04-13,27514
2023-04-14,27724
2023-04-15,27620
2023-04-16,27621
2023-04-17,27027
2023-04-18,27667
2023-04-19,26621
2023-04-20,25750
2023-04-21,24857
2023-04-22,25327
2023-04-23,25104
2023-04-24,24888
2023-04-25,25748
2023-04-26,25673
2023-04-27,26717
2023-04-28,26684
2023-04-29,26522
2023-04-30,26712
2023-05-01,25622
2023-05-02,26097
2023-05-03,26364
2023-05-04,26152
2023-05-05,26831
2023-05-06,26220
2023-05-07,25853
2023-05-08,25130
2023-05-09,25229
2023-05-10,25212
2023-05-11,24720
2023-05-12,24682
2023-05-13,24810
2023-05-14,24802
2023-05-15,25117
2023-05-16,24851
2023-05-17,25246
2023-05-18,24969
2023-05-19,24891
2023-05-20,25028
2023-05-21,24771
2023-05-22,24875
2023-05-23,25251
2023-05-24,24503
2023-05-25,24694
2023-05-26,24909
2023-05-27,24990
2023-05-28,26254
2023-05-29,25908
2023-05-30,25840
2023-05-31,25431
2023-06-01,24989
2023-06-02,25475
2023-06-03,25276
2023-06-04,25449
2023-06-05,24043
2023-06-06,25359
2023-06-07,24594
2023-06-08,24677
2023-06-09,24617
2023-06-10,24164
2023-06-11,24124
2023-06-12,24108
2023-06-13,24002
2023-06-14,23098
2023-06-15,23394
2023-06-16,24128
2023-06-17,24269
2023-06-18,24131
2023-06-19,24519
2023-06-20,25828
2023-06-21,27300
2023-06-22,27384
2023-06-23,28097
2023-06-24,28020
2023-06-25,27970
2023-06-26,27704
2023-06-27,27949
2023-06-28,27643
2023-06-29,27997
2023-06-30,27925
2023-07-01,28051
2023-07-02,28083
2023-07-03,28521
2023-07-04,28304
2023-07-05,28058
2023-07-06,27795
2023-07-07,27685
2023-07-08,27565
2023-07-09,27539
2023-07-10,27587
2023-07-11,27793
2023-07-12,27299
2023-07-13,27909
2023-07-14,27019
2023-07-15,27023
2023-07-16,27022
2023-07-17,26850
2023-07-18,26594
2023-07-19,26704
2023-07-20,26802
2023-07-21,26912
2023-07-22,26831
2023-07-23,27025
2023-07-24,26382
2023-07-25,26463
2023-07-26,26608
2023-07-27,26619
2023-07-28,26598
2023-07-29,26650
2023-07-30,26483
2023-07-31,26577
2023-08-01,26565
2023-08-02,26659
2023-08-03,26668
2023-08-04,26389
2023-08-05,26427
2023-08-06,26452
2023-08-07,26518
2023-08-08,27149
2023-08-09,26937
2023-08-10,26831
2023-08-11,26862
2023-08-12,26893
2023-08-13,26790
2023-08-14,26960
2023-08-15,26735
2023-08-16,26584
2023-08-17,24683
2023-08-18,24013
2023-08-19,24039
2023-08-20,24130
2023-08-21,24020
2023-08-22,23796
2023-08-23,24329
2023-08-24,24528
2023-08-25,24464
2023-08-26,24510
2023-08-27,24544
2023-08-28,24446
2023-08-29,25396
2023-08-30,25512
2023-08-31,24520
2023-09-01,24409
2023-09-02,24372
2023-09-03,24482
2023-09-04,24247
2023-09-05,24454
2023-09-06,24357
2023-09-07,25051
2023-09-08,24556
2023-09-09,24551
2023-09-10,24507
2023-09-11,23751
2023-09-12,24524
2023-09-13,24828
2023-09-14,25315
2023-09-15,25450
2023-09-16,25260
2023-09-17,25170
2023-09-18,25474
2023-09-19,25802
2023-09-20,25798
2023-09-21,25257
2023-09-22,25305
2023-09-23,25289
2023-09-24,25197
2023-09-25,25111
2023-09-26,25101
2023-09-27,25288
2023-09-28,25871
2023-09-29,25739
2023-09-30,25876
2023-10-01,26802
2023-10-02,26521
2023-10-03,26419
2023-10-04,26697
2023-10-05,26328
2023-10-06,26791
2023-10-07,26721
2023-10-08,26752
2023-10-09,26425
2023-10-10,26196
2023-10-11,25527
2023-10-12,25770
2023-10-13,25833
2023-10-14,25838
2023-10-15,26077
2023-10-16,27324
2023-10-17,27214
2023-10-18,27184
2023-10-19,27438
2023-10-20,28342
2023-10-21,28662
2023-10-22,28635
2023-10-23,31596
2023-10-24,32484
2023-10-25,33085
2023-10-26,32724
2023-10-27,32354
2023-10-28,32673
2023-10-29,33226
2023-10-30,32893
2023-10-31,33081
2023-11-01,33778
2023-11-02,33203
2023-11-03,32683
2023-11-04,33266
2023-11-05,33089
2023-11-06,33247
2023-11-07,33484
2023-11-08,33929
2023-11-09,34767
2023-11-10,35489
2023-11-11,35044
2023-11-12,35278
2023-11-13,34607
2023-11-14,33268
2023-11-15,35212
2023-11-16,33956
2023-11-17,34259
2023-11-18,34145
2023-11-19,34555
2023-11-20,34893
2023-11-21,33989
2023-11-22,35075
2023-11-23,34812
2023-11-24,35131
2023-11-25,35188
2023-11-26,35063
2023-11-27,34513
2023-11-28,35173
2023-11-29,35139
2023-11-30,35285
2023-12-01,36237
2023-12-02,36853
2023-12-03,37476
2023-12-04,39375
2023-12-05,41688
2023-12-06,41389
2023-12-07,40746
2023-12-08,41851
2023-12-09,41492
2023-12-10,41396
2023-12-11,38966
2023-12-12,38792
2023-12-13,40269
2023-12-14,39966
2023-12-15,39365
2023-12-16,39522
2023-12-17,39012
2023-12-18,39625
2023-12-19,39320
2023-12-20,40631
2023-12-21,40741
2023-12-22,40600
2023-12-23,40619
2023-12-24,39858
2023-12-25,40524
2023-12-26,39142
2023-12-27,39952
2023-12-28,39369
2023-12-29,38783
2023-12-30,39036
2023-12-31,39128
2024-01-01,40243
2024-01-02,41920
2024-01-03,39909
2024-01-04,41298
2024-01-05,40923
2024-01-06,40854
2024-01-07,40944
2024-01-08,43721
2024-01-09,42979
2024-01-10,43533
2024-01-11,42210
2024-01-12,38845
2024-01-13,39349
2024-01-14,38684
2024-01-15,38937
2024-01-16,39797
2024-01-17,39203
2024-01-18,38036
2024-01-19,38261
2024-01-20,38350
2024-01-21,38223
2024-01-22,36570
2024-01-23,36339
2024-01-24,36621
2024-01-25,36842
2024-01-26,38634
2024-01-27,38887
2024-01-28,38573
2024-01-29,39835
2024-01-30,40024
2024-01-31,39433
2024-02-01,39480
2024-02-02,39978
2024-02-03,39875
2024-02-04,39468
2024-02-05,39525
2024-02-06,40160
2024-02-07,40975
2024-02-08,42060
2024-02-09,43802
2024-02-10,44192
2024-02-11,44655
2024-02-12,46314
2024-02-13,46254
2024-02-14,48295
2024-02-15,47986
2024-02-16,48259
2024-02-17,48011
2024-02-18,48483
2024-02-19,48209
2024-02-20,48327
2024-02-21,47616
2024-02-22,47536
2024-02-23,47015
2024-02-24,47641
2024-02-25,47775
2024-02-26,50161
2024-02-27,52417
2024-02-28,56438
2024-02-29,56646
2024-03-01,57746
2024-03-02,57030
2024-03-03,57961
2024-03-04,62482
2024-03-05,58423
2024-03-06,60561
2024-03-07,61339
2024-03-08,62452
2024-03-09,62631
2024-03-10,62611
2024-03-11,66017
2024-03-12,65149
2024-03-13,66707
2024-03-14,65775
2024-03-15,63509
2024-03-16,60908
2024-03-17,62658
2024-03-18,62244
2024-03-19,57590
2024-03-20,61988
2024-03-21,60269
2024-03-22,58355
2024-03-23,60001
2024-03-24,61958
2024-03-25,64837
2024-03-26,64796
2024-03-27,64167
2024-03-28,65687
2024-03-29,64688
2024-03-30,64694
2024-03-31,65820
2024-04-01,64945
2024-04-02,61198
2024-04-03,61116
2024-04-04,62747
2024-04-05,62474
2024-04-06,63723
2024-04-07,63908
2024-04-08,66146
2024-04-09,63864
2024-04-10,65633
2024-04-11,65394
2024-04-12,63233
2024-04-13,60260
2024-04-14,61486
2024-04-15,59737
2024-04-16,60127
2024-04-17,57741
2024-04-18,59734
2024-04-19,60165
2024-04-20,60763
2024-04-21,61033
2024-04-22,62920
2024-04-23,62005
2024-04-24,59939
2024-04-25,60241
2024-04-26,59689
2024-04-27,59193
2024-04-28,58987
2024-04-29,59547
2024-04-30,56757
2024-05-01,53947
2024-05-02,55317
2024-05-03,58445
2024-05-04,59153
2024-05-05,59341
2024-05-06,58963
2024-05-07,58463
2024-05-08,56977
2024-05-09,58679
2024-05-10,56526
2024-05-11,56583
2024-05-12,56937
2024-05-13,58160
2024-05-14,57016
2024-05-15,60653
2024-05-16,60181
2024-05-17,61452
2024-05-18,61576
2024-05-19,61025
2024-05-20,64017
2024-05-21,64430
2024-05-22,63819
2024-05-23,62581
2024-05-24,63413
2024-05-25,63700
2024-05-26,63201
2024-05-27,64015
2024-05-28,63142
2024-05-29,62583
2024-05-30,63041
2024-05-31,62267
2024-06-01,62442
2024-06-02,62527
2024-06-03,63309
2024-06-04,64833
2024-06-05,65400
2024-06-06,65071
2024-06-07,64374
2024-06-08,64291
2024-06-09,64629
2024-06-10,64495
2024-06-11,62766
2024-06-12,63223
2024-06-13,62221
2024-06-14,61686
2024-06-15,61811
2024-06-16,62277
2024-06-17,62047
2024-06-18,60773
2024-06-19,60355
2024-06-20,60687
2024-06-21,60003
2024-06-22,60033
2024-06-23,59530
2024-06-24,55957
2024-06-25,57798
2024-06-26,57003
2024-06-27,57538
2024-06-28,56272
2024-06-29,56868
2024-06-30,58498
2024-07-01,58614
2024-07-02,57721
2024-07-03,55860
2024-07-04,53708
2024-07-05,52253
2024-07-06,53540
2024-07-07,52161
2024-07-08,52280
2024-07-09,53541
2024-07-10,53278
2024-07-11,52774
2024-07-12,52988
2024-07-13,54531
2024-07-14,55938
2024-07-15,59114
2024-07-16,59350
2024-07-17,58771
2024-07-18,58754
2024-07-19,61336
2024-07-20,61602
2024-07-21,62386
2024-07-22,62112
2024-07-23,60673
2024-07-24,60277
2024-07-25,60587
2024-07-26,62571
2024-07-27,63185
2024-07-28,62651
2024-07-29,62102
2024-07-30,61229
2024-07-31,60019
2024-08-01,60398
2024-08-02,56230
2024-08-03,55640
2024-08-04,53863
2024-08-05,49964
2024-08-06,51503
2024-08-07,50632
2024-08-08,57127
2024-08-09,55735
2024-08-10,55915
2024-08-11,54091
2024-08-12,54057
2024-08-13,55170
2024-08-14,53594
2024-08-15,52577
2024-08-16,53616
2024-08-17,53857
2024-08-18,53923
2024-08-19,53442
2024-08-20,53362
2024-08-21,55010
2024-08-22,54479
2024-08-23,57378
2024-08-24,57101
2024-08-25,57614
2024-08-26,56446
2024-08-27,53248
2024-08-28,53239
2024-08-29,53466
2024-08-30,53651
2024-08-31,53449
2024-09-01,51963
2024-09-02,53592
2024-09-03,52484
2024-09-04,52454
2024-09-05,50500
2024-09-06,48470
2024-09-07,48730
2024-09-08,49294
2024-09-09,51914
2024-09-10,52286
2024-09-11,52179
2024-09-12,52517
2024-09-13,54766
2024-09-14,54220
2024-09-15,53717
2024-09-16,52090
2024-09-17,54201
2024-09-18,54549
2024-09-19,56405
2024-09-20,56612
2024-09-21,56658
2024-09-22,57221
2024-09-23,56913
2024-09-24,57724
2024-09-25,56834
2024-09-26,58229
2024-09-27,58956
2024-09-28,58843
2024-09-29,58787
2024-09-30,57000
2024-10-01,54880
2024-10-02,55067
2024-10-03,55176
2024-10-04,56676
2024-10-05,56463
2024-10-06,57013
2024-10-07,56971
2024-10-08,56608
2024-10-09,55536
2024-10-10,54987
2024-10-11,57086
2024-10-12,57780
2024-10-13,57420
2024-10-14,60705
2024-10-15,61069
2024-10-16,62292
2024-10-17,62062
2024-10-18,62784
2024-10-19,62785
2024-10-20,63498
2024-10-21,62585
2024-10-22,62690
2024-10-23,61604
2024-10-24,62947
2024-10-25,61720
2024-10-26,62157
2024-10-27,63008
2024-10-28,64602
2024-10-29,66852
2024-10-30,66494
2024-10-31,64474
2024-11-01,63905
2024-11-02,64042
2024-11-03,63413
2024-11-04,62088
2024-11-05,63397
2024-11-06,70382
2024-11-07,70207
2024-11-08,71315
2024-11-09,71107
2024-11-10,75006
2024-11-11,82129
2024-11-12,82868
2024-11-13,84731
2024-11-14,83021
2024-11-15,86471
2024-11-16,85595
2024-11-17,84834
2024-11-18,86040
2024-11-19,86738
2024-11-20,89213
2024-11-21,93534
2024-11-22,94565
2024-11-23,93375
2024-11-24,93399
2024-11-25,89799
2024-11-26,87520
2024-11-27,91086
2024-11-28,90535
2024-11-29,92078
2024-11-30,91177
2024-12-01,92214
2024-12-02,90864
2024-12-03,91460
2024-12-04,93415
2024-12-05,91459
2024-12-06,95142
2024-12-07,94280
2024-12-08,94750
2024-12-09,91894
2024-12-10,92026
2024-12-11,96388
2024-12-12,95765
2024-12-13,96415
2024-12-14,96260
2024-12-15,98199
2024-12-16,100519
2024-12-17,100890
2024-12-18,97666
2024-12-19,94790
2024-12-20,93428
2024-12-21,93330
2024-12-22,91397
2024-12-23,91380
2024-12-24,94919
2024-12-25,94963
2024-12-26,91790
2024-12-27,90537
2024-12-28,91282
2024-12-29,89254
2024-12-30,89056
2024-12-31,90102
2025-01-01,91393
2025-01-02,94416
2025-01-03,95383
2025-01-04,95490
2025-01-05,95756
2025-01-06,98209
2025-01-07,93933
2025-01-08,92364
2025-01-09,89902
2025-01-10,92556
2025-01-11,92298
2025-01-12,91746
2025-01-13,91999
2025-01-14,93799
2025-01-15,96803
2025-01-16,96822
2025-01-17,101465
2025-01-18,101194
2025-01-19,100490
2025-01-20,99454
2025-01-21,101731
2025-01-22,99866
2025-01-23,99857
2025-01-24,99910
2025-01-25,100160
2025-01-26,99583
2025-01-27,96975
2025-01-28,97007
2025-01-29,99524
2025-01-30,101138
2025-01-31,98727
2025-02-01,97307
2025-02-02,95634
2025-02-03,98559
2025-02-04,94188
2025-02-05,92839
2025-02-06,93359
2025-02-07,93055
2025-02-08,93574
2025-02-09,93123
2025-02-10,94539
2025-02-11,92153
2025-02-12,94219
2025-02-13,92153
2025-02-14,92518
2025-02-15,93060
2025-02-16,92388
2025-02-17,91503
2025-02-18,91117
2025-02-19,92531
2025-02-20,93514
2025-02-21,91595
2025-02-22,92412
2025-02-23,91400
2025-02-24,88351
2025-02-25,84455
2025-02-26,80434
2025-02-27,81367
2025-02-28,81091
2025-03-01,83049
2025-03-02,90710
2025-03-03,82656
2025-03-04,82465
2025-03-05,83812
2025-03-06,83750
2025-03-07,80049
2025-03-08,79699
2025-03-09,74001
2025-03-10,73399
2025-03-11,75996
2025-03-12,76986
2025-03-13,74702
2025-03-14,77648
2025-03-15,77618
2025-03-16,75470
2025-03-17,76981
2025-03-18,75273
2025-03-19,78998
2025-03-20,77466
2025-03-21,77790
2025-03-22,77617
2025-03-23,78857
2025-03-24,80964
2025-03-25,81113
2025-03-26,80850
2025-03-27,80894
2025-03-28,77903
2025-03-29,76101
2025-03-30,76165
2025-03-31,76141
2025-04-01,78874
2025-04-02,76381
2025-04-03,74785
2025-04-04,76689
2025-04-05,75822
2025-04-06,70963
2025-04-07,73261
2025-04-08,69861
2025-04-09,75797
2025-04-10,70964
2025-04-11,73442
2025-04-12,75227
2025-04-13,73506
2025-04-14,74463
2025-04-15,74249
2025-04-16,73943
2025-04-17,74532
2025-04-18,74183
2025-04-19,74788
2025-04-20,74275
2025-04-21,75549
2025-04-22,81800
2025-04-23,82375
2025-04-24,82024
2025-04-25,83447
2025-04-26,83352
2025-04-27,82793
2025-04-28,83064
2025-04-29,82704
2025-04-30,83086
2025-05-01,85354
2025-05-02,85550
2025-05-03,85181
2025-05-04,84064
2025-05-05,84015
2025-05-06,84855
2025-05-07,86000
2025-05-08,91515
2025-05-09,91345
2025-05-10,92050
2025-05-11,92421
2025-05-12,92685
2025-05-13,93048
2025-05-14,92564
2025-05-15,92509
2025-05-16,92633
2025-05-17,92348
2025-05-18,94544
2025-05-19,93914
2025-05-20,94645
2025-05-21,96063
2025-05-22,98325
2025-05-23,94900
2025-05-24,95150
2025-05-25,95980
2025-05-26,95900
2025-05-27,96181
2025-05-28,95115
2025-05-29,93219
2025-05-30,91786
2025-05-31,92351
2025-06-01,92959
2025-06-02,92373
2025-06-03,93018
2025-06-04,91807
2025-06-05,88719
2025-06-06,91717
2025-06-07,92797
2025-06-08,92769
2025-06-09,96433
2025-06-10,95962
2025-06-11,94248
2025-06-12,91434
2025-06-13,91625
2025-06-14,91329
2025-06-15,91183
2025-06-16,93225
2025-06-17,90854
2025-06-18,91329
2025-06-19,90948
2025-06-20,89512
2025-06-21,88415
2025-06-22,87853
2025-06-23,91175
2025-06-24,91308
2025-06-25,92089
2025-06-26,91596
2025-06-27,91486
2025-06-28,91635
2025-06-29,92165
2025-06-30,90988
2025-07-01,89575
2025-07-02,92543
2025-07-03,93373
2025-07-04,91976
2025-07-05,91930
2025-07-06,92799
2025-07-07,92051
2025-07-08,92897
2025-07-09,95000
2025-07-10,98865
2025-07-11,100177
2025-07-12,99826
2025-07-13,101190
2025-07-14,102610
2025-07-15,101411
2025-07-16,101931
2025-07-17,103038
2025-07-18,101219
2025-07-19,101187
2025-07-20,100992
2025-07-21,100374
2025-07-22,101949
2025-07-23,100742
2025-07-24,100780
2025-07-25,99852
2025-07-26,100472
2025-07-27,101634
2025-07-28,101641
2025-07-29,101980
2025-07-30,102790
2025-07-31,101650
2025-08-01,97666
2025-08-02,97372
2025-08-03,98772
2025-08-04,99615
2025-08-05,98439
2025-08-06,98718
2025-08-07,100760
2025-08-08,100332
2025-08-09,99727
2025-08-10,102050
2025-08-11,102163
2025-08-12,102674
2025-08-13,104900
2025-08-14,101620
2025-08-15,100397
2025-08-16,100522
2025-08-17,100672
2025-08-18,99823
2025-08-19,97200
2025-08-20,98332
2025-08-21,96844
2025-08-22,99062
2025-08-23,97879
2025-08-24,96745
2025-08-25,94845
2025-08-26,96043
2025-08-27,95698
2025-08-28,96252
2025-08-29,92817
2025-08-30,92970
2025-08-31,93181
2025-09-01,92643
2025-09-02,95573
2025-09-03,96051
2025-09-04,95610
2025-09-05,94625
2025-09-06,94094
2025-09-07,95035
2025-09-08,95424
2025-09-09,95301
2025-09-10,97301
2025-09-11,98080
2025-09-12,98915
2025-09-13,98539
2025-09-14,98894
2025-09-15,98061
2025-09-16,98523
2025-09-17,98700
2025-09-18,99355
2025-09-19,98510
2025-09-20,98638
2025-09-21,98439
2025-09-22,95566
2025-09-23,94979
2025-09-24,96656
2025-09-25,93841
2025-09-26,93744
2025-09-27,93779
2025-09-28,95682
2025-09-29,97422
2025-09-30,97152
2025-10-01,100361
2025-10-02,102602
2025-10-03,104213
2025-10-04,103906
2025-10-05,104786
2025-10-06,106555
2025-10-07,104611
2025-10-08,105953
2025-10-09,105167
2025-10-10,98667
2025-10-11,95800
2025-10-12,99280
2025-10-13,99951
2025-10-14,97602
2025-10-15,95144
2025-10-16,92250
2025-10-17,91926
2025-10-18,92087
2025-10-19,93730
2025-10-20,95218
2025-10-21,94106
2025-10-22,92342
2025-10-23,94667
2025-10-24,95505
2025-10-25,96003
2025-10-26,98460
2025-10-27,97940
2025-10-28,97239
2025-10-29,95822
2025-10-30,93273
2025-10-31,94869
2025-11-01,95209
2025-11-02,95062
2025-11-03,92388
2025-11-04,88112
2025-11-05,90234
2025-11-06,87760
2025-11-07,89606
2025-11-08,88490
2025-11-09,90554
2025-11-10,91730
2025-11-11,88927
2025-11-12,87996
2025-11-13,85809
2025-11-14,82050
2025-11-15,82218
2025-11-16,81009
2025-11-17,79454
2025-11-18,80424
2025-11-19,78388
2025-11-20,76348
2025-11-21,73201
2025-11-22,73897
2025-11-23,76233
2025-11-24,76947
2025-11-25,75720
2025-11-26,77891
2025-11-27,78780
2025-11-28,78571
2025-11-29,78370
2025-11-30,78714
2025-12-01,74589
2025-12-02,79111
2025-12-03,80370
2025-12-04,79297
2025-12-05,76722
2025-12-06,76804
2025-12-07,77004
2025-12-08,78115
2025-12-09,79838
2025-12-10,79201
2025-12-11,78715
2025-12-12,76925
2025-12-13,76811
2025-12-14,75166
2025-12-15,73299
2025-12-16,74715
2025-12-17,73501
2025-12-18,72964
2025-12-19,75353
2025-12-20,75335
2025-12-21,75490
2025-12-22,75396
2025-12-23,74082
2025-12-24,74654
2025-12-25,74369
2025-12-26,74243
2025-12-27,74314
2025-12-28,74595
2025-12-29,74100
2025-12-30,75171
2025-12-31,74450
2026-01-01,75350
2026-01-02,77032
2026-01-03,77291
2026-01-04,77825
2026-01-05,80358
2026-01-06,79848
2026-01-07,78016
2026-01-08,78190
2026-01-09,77807
2026-01-10,77700
2026-01-11,77750
2026-01-12,78123
2026-01-13,82129
2026-01-14,83246
2026-01-15,82336
2026-01-16,82299
2026-01-17,82076
2026-01-18,82354
2026-01-19,79501
2026-01-20,75405
2026-01-21,76856
2026-01-22,75962
2026-01-23,75729
2026-01-24,75535
2026-01-25,72751
2026-01-26,74135
2026-01-27,74061
2026-01-28,74600
2026-01-29,70564
2026-01-30,70873
2026-01-31,66044
2026-02-01,65230
2026-02-02,66794
2026-02-03,64000
2026-02-04,61342
2026-02-05,54220
2026-02-06,60443
2026-02-07,58856
2026-02-08,59878
2026-02-09,59111
2026-02-10,57739
2026-02-11,56853
2026-02-12,55818
2026-02-13,58088
2026-02-14,58987
2026-02-15,58048
2026-02-16,57873
2026-02-17,56972
2026-02-18,56333
2026-02-19,56868
2026-02-20,57728
2026-02-21,57711
2026-02-22,57322
2026-02-23,54936
2026-02-24,54456
2026-02-25,57948
2026-02-26,57269
2026-02-27,55528
2026-02-28,56919
2026-03-01,55451
2026-03-02,59296
2026-03-03,58791
2026-03-04,62530
2026-03-05,61389
2026-03-06,58850
2026-03-07,58001
2026-03-08,57443
2026-03-09,59133
2026-03-10,60073
2026-03-11,60939
2026-03-12,60947
2026-03-13,62009
2026-03-14,62001
2026-03-15,63693
2026-03-16,65010
2026-03-17,64435
2026-03-18,62117
2026-03-19,60636
2026-03-20,61190
2026-03-21,60780
2026-03-22,59122
2026-03-23,60933
2026-03-24,60561
2026-03-25,61742
2026-03-26,59592
2026-03-27,57353
2026-03-28,58018
2026-03-29,57310
2026-03-30,58235
2026-03-31,58941
2026-04-01,58805
2026-04-02,58060
2026-04-03,58086
2026-04-04,58539
2026-04-05,59323
2026-04-06,59604
2026-04-07,61255
2026-04-08,60981
2026-04-09,61571
2026-04-10,62187
2026-04-11,62632
2026-04-12,60767
2026-04-13,63461
2026-04-14,62840
2026-04-15,63539
2026-04-16,63538
2026-04-17,65787
2026-04-18,64493
2026-04-19,63218
2026-04-20,64496
2026-04-21,64434
2026-04-22,67183
2026-04-23,66964
2026-04-24,66097
2026-04-25,66262
2026-04-26,66937
2026-04-27,65750
2026-04-28,65152
2026-04-29,65026
2026-04-30,65055
2026-05-01,66683
2026-05-02,67234
2026-05-03,67500
2026-05-04,68487
2026-05-05,69310
2026-05-06,69238
2026-05-07,68124
2026-05-08,68132
2026-05-09,68535
2026-05-10,69709
2026-05-11,69421
2026-05-12,68693
2026-05-13,67769
2026-05-14,69761
2026-05-15,67965
2026-05-16,67300
2026-05-17,67055
2026-05-18,66051
2026-05-19,66009
2026-05-20,66595
2026-05-21,66768
2026-05-22,65219
2026-05-23,65893
2026-05-24,65906
2026-05-25,66200
2026-05-26,65020
2026-05-27,63937
2026-05-28,63039
2026-05-29,62947
2026-05-30,63291
2026-05-31,63376
2026-06-01,61302
2026-06-02,57018
2026-06-03,55927
2026-06-04,54874
2026-06-05,53551
2026-06-06,52658
2026-06-07,54650
2026-06-08,55003
2026-06-09,53509
2026-06-10,53197
2026-06-11,54782
2026-06-12,54880
2026-06-13,55741
2026-06-14,56347
2026-06-15,57116
2026-06-16,56604
2026-06-17,55847
2026-06-18,54804
2026-06-19,55178
2026-06-20,56004
2026-06-21,55603
2026-06-22,55894
2026-06-23,54924
2026-06-24,53530
2026-06-25,52636
2026-06-26,52670
2026-06-27,52829
2026-06-28,51858
2026-06-29,52768
2026-06-30,51264
2026-07-01,53096
2026-07-02,53714
2026-07-03,54668
2026-07-04,55253
2026-07-05,54972
