date,close_USD
2010-07-19,0.08584
2010-07-26,0.0505
2010-08-02,0.0611
2010-08-09,0.0609
2010-08-16,0.06529
2010-08-23,0.066
2010-08-30,0.064
2010-09-06,0.06165
2010-09-13,0.0615
2010-09-20,0.0627
2010-09-27,0.0622
2010-10-04,0.06111
2010-10-11,0.0965
2010-10-18,0.102
2010-10-25,0.11501
2010-11-01,0.1925
2010-11-08,0.34
2010-11-15,0.27904
2010-11-22,0.27675
2010-11-29,0.27
2010-12-06,0.19
2010-12-13,0.2189
2010-12-20,0.2401
2010-12-27,0.263
2011-01-03,0.29997
2011-01-10,0.323
2011-01-17,0.38679
2011-01-24,0.4424
2011-01-31,0.4799
2011-02-07,0.8968
2011-02-14,1.05
2011-02-21,0.865
2011-02-28,0.89
2011-03-07,0.8999
2011-03-14,0.89249
2011-03-21,0.75218
2011-03-28,0.82754
2011-04-04,0.779
2011-04-11,0.7369
2011-04-18,1.1123
2011-04-25,1.6311
2011-05-02,3.03311
2011-05-09,3.8659
2011-05-16,6.98701
2011-05-23,6.6901
2011-05-30,8.4
2011-06-06,16.7
2011-06-13,18.5464
2011-06-20,17.51
2011-06-27,16.45
2011-07-04,15.4405
2011-07-11,14.879
2011-07-18,13.16
2011-07-25,13.98
2011-08-01,13.35
2011-08-08,7.9
2011-08-15,10.7957
2011-08-22,11.3112
2011-08-29,9.07011
2011-09-05,8.17798
2011-09-12,5.86436
2011-09-19,5.2
2011-09-26,5.33
2011-10-03,5.02701
2011-10-10,4.10288
2011-10-17,3.5574
2011-10-24,3.12657
2011-10-31,3.27
2011-11-07,2.95959
2011-11-14,2.99626
2011-11-21,2.2
2011-11-28,2.47991
2011-12-05,2.82809
2011-12-12,3.2511
2011-12-19,3.193
2011-12-26,4.225
2012-01-02,5.26766
2012-01-09,7.11358
2012-01-16,7.00177
2012-01-23,6.3097
2012-01-30,5.38191
2012-02-06,5.68881
2012-02-13,5.51468
2012-02-20,4.38669
2012-02-27,4.922
2012-03-05,4.8201
2012-03-12,4.90901
2012-03-19,5.27943
2012-03-26,4.55001
2012-04-02,4.81922
2012-04-09,4.79253
2012-04-16,4.96892
2012-04-23,5.20352
2012-04-30,4.90441
2012-05-07,5.04991
2012-05-14,4.92996
2012-05-21,5.09002
2012-05-28,5.13896
2012-06-04,5.2051
2012-06-11,5.46829
2012-06-18,6.16382
2012-06-25,6.35002
2012-07-02,6.62898
2012-07-09,6.79898
2012-07-16,7.62101
2012-07-23,8.4096
2012-07-30,8.71027
2012-08-06,10.87
2012-08-13,11.6239
2012-08-20,7.98
2012-08-27,10.61
2012-09-03,10.2041
2012-09-10,11.02
2012-09-17,11.87
2012-09-24,12.1933
2012-10-01,12.4
2012-10-08,11.8034
2012-10-15,11.7389
2012-10-22,11.6311
2012-10-29,10.7
2012-11-05,10.8001
2012-11-12,10.8469
2012-11-19,11.6596
2012-11-26,12.4821
2012-12-03,12.5
2012-12-10,13.388
2012-12-17,13.3
2012-12-24,13.312
2012-12-31,13.45
2013-01-07,13.5199
2013-01-14,14.116
2013-01-21,15.7
2013-01-28,17.95
2013-02-04,20.59
2013-02-11,23.9697
2013-02-18,26.8146
2013-02-25,29.89
2013-03-04,34.5
2013-03-11,46
2013-03-18,47.4
2013-03-25,71.93
2013-04-01,93.03
2013-04-08,162.301
2013-04-15,90
2013-04-22,119.2
2013-04-29,134.444
2013-05-06,115.98
2013-05-13,114.82
2013-05-20,122.5
2013-05-27,133.5
2013-06-03,122.5
2013-06-10,100.437
2013-06-17,99.9
2013-06-24,107.9
2013-07-01,97.51
2013-07-08,76.5
2013-07-15,94.4199
2013-07-22,91.998
2013-07-29,98.7801
2013-08-05,105.12
2013-08-12,105
2013-08-19,113.38
2013-08-26,122.111
2013-09-02,146.01
2013-09-09,126.315
2013-09-16,138.3
2013-09-23,134
2013-09-30,143.884
2013-10-03,123.9
2013-10-10,141.2
2013-10-17,202.9
2013-10-24,203.7
2013-10-31,263.7
2013-11-07,398
2013-11-14,593.9
2013-11-21,987.6
2013-11-28,1079.9
2013-12-05,870.2
2013-12-12,544.2
2013-12-19,676
2013-12-26,759.1
2014-01-02,824.5
2014-01-09,855.9
2014-01-16,822
2014-01-23,802.4
2014-01-30,802.5
2014-02-06,670.6
2014-02-13,630.1
2014-02-20,587.2
2014-02-27,680.9
2014-03-06,631.6
2014-03-13,620
2014-03-20,585
2014-03-27,448.3
2014-04-03,461
2014-04-10,523.5
2014-04-17,495.6
2014-04-24,448.3
2014-05-01,452.7
2014-05-08,445.5
2014-05-15,494.7
2014-05-22,575.8
2014-05-29,640.4
2014-06-05,617.9
2014-06-12,603.5
2014-06-19,564.4
2014-06-26,646.5
2014-07-03,627.8
2014-07-10,615
2014-07-17,618.6
2014-07-24,584.9
2014-07-31,584.2
2014-08-07,564
2014-08-14,530
2014-08-21,524.8
2014-08-28,524.7
2014-09-04,475
2014-09-11,445
2014-09-18,413
2014-09-25,393.2
2014-10-02,370
2014-10-09,400.3
2014-10-16,388.7
2014-10-23,335
2014-10-30,348.2
2014-11-06,406.8
2014-11-13,389.9
2014-11-20,372.8
2014-11-27,380
2014-12-04,345.5
2014-12-11,329.9
2014-12-18,320.3
2014-12-25,319.1
2015-01-01,299.9
2015-01-08,182.3
2015-01-15,220
2015-01-22,247.9
2015-01-29,228
2015-02-05,207.2
2015-02-12,236
2015-02-19,238
2015-02-26,269.4
2015-03-05,295.3
2015-03-12,261
2015-03-19,250.9
2015-03-26,248.4
2015-04-02,249.4
2015-04-09,220.1
2015-04-16,235.7
2015-04-23,225.4
2015-04-30,227.3
2015-05-07,240.6
2015-05-14,235
2015-05-21,236.4
2015-05-28,227
2015-06-04,227.2
2015-06-11,251.7
2015-06-18,241.6
2015-06-25,265
2015-07-02,272.9
2015-07-09,292.9
2015-07-16,276.9
2015-07-23,291.8
2015-07-30,281
2015-08-06,270
2015-08-13,230
2015-08-20,226.3
2015-08-27,230
2015-09-03,239.9
2015-09-10,229
2015-09-17,229.2
2015-09-24,236
2015-10-01,243.6
2015-10-08,253.6
2015-10-15,266.5
2015-10-22,302.2
2015-10-29,408.9
2015-11-05,304.8
2015-11-12,326.5
2015-11-19,329.6
2015-11-26,359.5
2015-12-03,416.3
2015-12-10,453.1
2015-12-17,444.8
2015-12-24,428.6
2015-12-31,429.9
2016-01-07,430
2016-01-14,420.2
2016-01-21,398
2016-01-28,368
2016-02-04,379.3
2016-02-11,417.2
2016-02-18,422.5
2016-02-25,420.6
2016-03-03,411.9
2016-03-10,417.9
2016-03-17,416
2016-03-24,413.3
2016-03-31,423.5
2016-04-07,423.5
2016-04-14,441.7
2016-04-21,445
2016-04-28,447.8
2016-05-05,453.8
2016-05-12,453.5
2016-05-19,448.3
2016-05-26,536.6
2016-06-02,581.9
2016-06-09,693.4
2016-06-16,601.9
2016-06-23,643.1
2016-06-30,677
2016-07-07,655.1
2016-07-14,665.8
2016-07-21,656.9
2016-07-28,566.2
2016-08-04,591
2016-08-11,575.9
2016-08-18,582.2
2016-08-25,574.2
2016-09-01,617.2
2016-09-08,613.9
2016-09-15,599.6
2016-09-22,604.2
2016-09-29,614.9
2016-10-06,637.4
2016-10-13,631.5
2016-10-20,677.2
2016-10-27,747
2016-11-03,722.4
2016-11-10,743.4
2016-11-17,741.9
2016-11-24,743.2
2016-12-01,765
2016-12-08,777.5
2016-12-15,829.9
2016-12-22,978
2016-12-29,1133.2
2017-01-05,784.6
2017-01-12,892.3
2017-01-19,896.9
2017-01-26,988.7
2017-02-02,1055.8
2017-02-09,1016.8
2017-02-16,1121
2017-02-23,1222
2017-03-02,1143.3
2017-03-09,1255.6
2017-03-16,1033.1
2017-03-23,1043.4
2017-03-30,1140.9
2017-04-06,1219.1
2017-04-13,1209
2017-04-20,1290.5
2017-04-27,1513.6
2017-05-04,1782
2017-05-11,1831.9
2017-05-18,2414.2
2017-05-25,2294.9
2017-06-01,2690
2017-06-08,2462.1
2017-06-15,2651.9
2017-06-22,2564
2017-06-29,2613.9
2017-07-06,2372.1
2017-07-13,2254.9
2017-07-20,2526.6
2017-07-27,2700.8
2017-08-03,3371.8
2017-08-10,4388
2017-08-17,4151
2017-08-24,4579.7
2017-08-31,4659.6
2017-09-07,3875.6
2017-09-14,3869.2
2017-09-21,4231
2017-09-28,4218.4
2017-10-05,4822
2017-10-12,5579.4
2017-10-19,5757.3
2017-10-26,6741
2017-11-02,7463.5
2017-11-09,7250
2017-11-16,8251.5
2017-11-23,9744
2017-11-30,13737.7
2017-12-07,16151.6
2017-12-14,16224.3
2017-12-21,15456
2017-12-28,15185.7
2018-01-04,14937.6
2018-01-11,11184.7
2018-01-18,11420.1
2018-01-25,10100
2018-02-01,7559
2018-02-08,9489.7
2018-02-15,10467.8
2018-02-22,10308.2
2018-03-01,9902.4
2018-03-08,8174.2
2018-03-15,8880.3
2018-03-22,7943.4
2018-03-29,6790.4
2018-04-05,6940
2018-04-12,8170
2018-04-19,8855.7
2018-04-26,9217.1
2018-05-03,9305.7
2018-05-10,8344.9
2018-05-17,7513
2018-05-24,7381.3
2018-05-31,7659.8
2018-06-07,6294.2
2018-06-14,6755.4
2018-06-21,6132.9
2018-06-28,6584.2
2018-07-05,6377.9
2018-07-12,7367.4
2018-07-19,8166
2018-07-26,7604.1
2018-08-02,6272.7
2018-08-09,6269.5
2018-08-16,6359.8
2018-08-23,7028.9
2018-08-30,6686.6
2018-09-06,6325
2018-09-13,6392.1
2018-09-20,6451.6
2018-09-27,6463.9
2018-10-04,6530.5
2018-10-11,6442.5
2018-10-18,6413.9
2018-10-25,6307.5
2018-11-01,6499.1
2018-11-08,5605.1
2018-11-15,4545.1
2018-11-22,4219.8
2018-11-29,3690.6
2018-12-06,3435.5
2018-12-13,3683.6
2018-12-20,3808.2
2018-12-27,3886.2
2019-01-03,4000
2019-01-10,3604.7
2019-01-17,3556.1
2019-01-24,3436.9
2019-01-31,3367.4
2019-02-07,3579.8
2019-02-14,3943.2
2019-02-21,3799.1
2019-02-28,3851.7
2019-03-07,3852.8
2019-03-14,4033
2019-03-21,4026.1
2019-03-28,4972.2
2019-04-04,5320.5
2019-04-11,5225
2019-04-18,5444.2
2019-04-25,5324.1
2019-05-02,5942.1
2019-05-09,8203
2019-05-16,7620
2019-05-23,8663.2
2019-05-30,7787.1
2019-06-06,8171
2019-06-13,9277.1
2019-06-20,12933.7
2019-06-27,11979.8
2019-07-04,12096.2
2019-07-11,9703.9
2019-07-18,9769.8
2019-07-25,10090.1
2019-08-01,11962.7
2019-08-08,10018
2019-08-15,10125
2019-08-22,9716.1
2019-08-29,10584.9
2019-09-05,10160.7
2019-09-12,10157.6
2019-09-19,8439
2019-09-26,8382.3
2019-10-03,8590.8
2019-10-10,8000
2019-10-17,7475
2019-10-24,9166.2
2019-10-31,9338.4
2019-11-07,8762.1
2019-11-14,8083.1
2019-11-21,7525.9
2019-11-28,7190.5
2019-12-05,7202
2019-12-12,7287.9
2019-12-19,7192.1
2019-12-26,7174.4
2020-01-02,8043.3
2020-01-09,8810.3
2020-01-16,8659
2020-01-23,9280.9
2020-01-30,9616.2
2020-02-06,10354.6
2020-02-13,9602.2
2020-02-20,8783.5
2020-02-27,8758.7
2020-03-05,7943.3
2020-03-12,5415.2
2020-03-19,6689.9
2020-03-26,6662.9
2020-04-02,7368
2020-04-09,6619.8
2020-04-16,7136.9
2020-04-23,8779.9
2020-04-30,9166.1
2020-05-07,9317.1
2020-05-14,9510.1
2020-05-21,9213.9
2020-05-28,9664.1
2020-06-04,9892.4
2020-06-11,9453.1
2020-06-18,9282
2020-06-25,9234.5
2020-07-02,9440.1
2020-07-09,9195
2020-07-16,9529.9
2020-07-23,11108.2
2020-07-30,11746
2020-08-06,11576.6
2020-08-13,11757.4
2020-08-20,11469.5
2020-08-27,11396.9
2020-09-03,10229.7
2020-09-10,10951.1
2020-09-17,10230.7
2020-09-24,10774.9
2020-10-01,10669.9
2020-10-08,11433.1
2020-10-15,12813
2020-10-22,13289.5
2020-10-29,14163.3
2020-11-05,15708.7
2020-11-12,17800
2020-11-19,18723.4
2020-11-26,19231.4
2020-12-03,18548.5
2020-12-10,21378.1
2020-12-17,23226.7
2020-12-24,28879.9
2020-12-31,36876.7
2021-01-07,37390.1
2021-01-14,35511.8
2021-01-21,30424.2
2021-01-28,37670.9
2021-02-04,44847.5
2021-02-11,52130
2021-02-18,49727.7
2021-02-25,50400
2021-03-04,55851
2021-03-11,58933
2021-03-18,52293.8
2021-03-25,58786.2
2021-04-01,55928.5
2021-04-08,62969
2021-04-15,53815.2
2021-04-22,54899.3
2021-04-29,57497.1
2021-05-06,49502.7
2021-05-13,36742.3
2021-05-20,39283.9
2021-05-27,37565.3
2021-06-03,37396.4
2021-06-10,38337.1
2021-06-17,33683.3
2021-06-24,35046.2
2021-07-01,33885.1
2021-07-08,32815.2
2021-07-15,32125
2021-07-22,40011
2021-07-29,39749
2021-08-05,45571.7
2021-08-12,44714.7
2021-08-19,48991.3
2021-08-26,48872.2
2021-09-02,46073.4
2021-09-09,48152.3
2021-09-16,43562.8
2021-09-23,41524.8
2021-09-30,55350.2
2021-10-07,57381.2
2021-10-14,66035.8
2021-10-21,58500.1
2021-10-28,62942.9
2021-11-04,64969
2021-11-11,60367.8
2021-11-18,57203.3
2021-11-25,57237.9
2021-12-02,50515.1
2021-12-09,48881.3
2021-12-16,48624.9
2021-12-23,46473.2
2021-12-30,43410
2022-01-06,43927.8
2022-01-13,41686.2
2022-01-20,36827.6
2022-01-27,36903.3
2022-02-03,44420
2022-02-10,43873.1
2022-02-17,37250.1
2022-02-24,43922.5
2022-02-27,38301
2022-02-28,44691
2022-03-01,44035
2022-03-02,43584
2022-03-03,41532
2022-03-04,39080
2022-03-05,38524
2022-03-06,38609
2022-03-07,38825
2022-03-08,41917
2022-03-09,39247
2022-03-10,39933
2022-03-11,39197
2022-03-12,38497
2022-03-13,38836
2022-03-14,38876
2022-03-15,40391
2022-03-16,41037
2022-03-17,40467
2022-03-18,41889
2022-03-19,41688
2022-03-20,41243
2022-03-21,42984
2022-03-22,42396
2022-03-23,42839
2022-03-24,44870
2022-03-25,44392
2022-03-26,44463
2022-03-27,47234
2022-03-28,47875
2022-03-29,47331
2022-03-30,47421
2022-03-31,45264
2022-04-01,46748
2022-04-02,46409
2022-04-03,46007
2022-04-04,46780
2022-04-05,44775
2022-04-06,43547
2022-04-07,43164
2022-04-08,42520
2022-04-09,42590
2022-04-10,41141
2022-04-11,40620
2022-04-12,39732
2022-04-13,41149
2022-04-14,40149
2022-04-15,40470
2022-04-16,40434
2022-04-17,39423
2022-04-18,40970
2022-04-19,42143
2022-04-20,42693
2022-04-21,40419
2022-04-22,39718
2022-04-23,39595
2022-04-24,38816
2022-04-25,40289
2022-04-26,38888
2022-04-27,39540
2022-04-28,38915
2022-04-29,38547
2022-04-30,37966
2022-05-01,38492
2022-05-02,38430
2022-05-03,38960
2022-05-04,39495
2022-05-05,35813
2022-05-06,36021
2022-05-07,34620
2022-05-08,32850
2022-05-09,32160
2022-05-10,29259
2022-05-11,28297
2022-05-12,30687
2022-05-13,29023
2022-05-14,30258
2022-05-15,29876
2022-05-16,30541
2022-05-17,29520
2022-05-18,29452
2022-05-19,30234
2022-05-20,29253
2022-05-21,30135
2022-05-22,30356
2022-05-23,29222
2022-05-24,29539
2022-05-25,28910
2022-05-26,29227
2022-05-27,28944
2022-05-28,29355
2022-05-29,30510
2022-05-30,31601
2022-05-31,31726
2022-06-01,30046
2022-06-02,29501
2022-06-03,29512
2022-06-04,29697
2022-06-05,31387
2022-06-06,29480
2022-06-07,30127
2022-06-08,30076
2022-06-09,29612
2022-06-10,28448
2022-06-11,27402
2022-06-12,23619
2022-06-13,22116
2022-06-14,21162
2022-06-15,21121
2022-06-16,20622
2022-06-17,19126
2022-06-18,19322
2022-06-19,20540
2022-06-20,21090
2022-06-21,20365
2022-06-22,20548
2022-06-23,21196
2022-06-24,21115
2022-06-25,21450
2022-06-26,21216
2022-06-27,20938
2022-06-28,19991
2022-06-29,19191
2022-06-30,19259
2022-07-01,19254
2022-07-02,19222
2022-07-03,19291
2022-07-04,20208
2022-07-05,20157
2022-07-06,20543
2022-07-07,20233.6
2022-07-08,21595
2022-07-09,21580
2022-07-10,20843
2022-07-11,19945
2022-07-12,19307
2022-07-13,20226
2022-07-14,23242.4
2022-07-15,20827
2022-07-16,21194
2022-07-17,20789
2022-07-18,22434
2022-07-19,23397
2022-07-20,23222
2022-07-21,22964.3
2022-07-22,22683
2022-07-23,22453
2022-07-24,22582
2022-07-25,21310
2022-07-26,21268
2022-07-27,22962
2022-07-28,22827.9
2022-07-29,23798
2022-07-30,23646
2022-07-31,23310
2022-08-01,23275
2022-08-02,22991
2022-08-03,22832
2022-08-04,23958.8
2022-08-05,23319
2022-08-06,22949
2022-08-07,23180
2022-08-08,23820
2022-08-09,23155
2022-08-10,23963
2022-08-11,23336.2
2022-08-12,24415
2022-08-13,24454
2022-08-14,24311
2022-08-15,24099
2022-08-16,23863
2022-08-17,23345
2022-08-18,21375.1
2022-08-19,20836
2022-08-20,21139
2022-08-21,21478
2022-08-22,21398
2022-08-23,21524
2022-08-24,21368
2022-08-25,20052.6
2022-08-26,20241
2022-08-27,20036
2022-08-28,19552
2022-08-29,20289
2022-08-30,19807
2022-08-31,20052
2022-09-01,19283.1
2022-09-02,19952
2022-09-03,19834
2022-09-04,20007
2022-09-05,19791
2022-09-06,18790
2022-09-07,19291
2022-09-08,20233
2022-09-09,21367
2022-09-10,21650
2022-09-11,21838
2022-09-12,22405
2022-09-13,20173
2022-09-14,20231
2022-09-15,18469.2
2022-09-16,19802
2022-09-17,20118
2022-09-18,19419
2022-09-19,19537
2022-09-20,18879
2022-09-21,18445
2022-09-22,19400
2022-09-23,19288
2022-09-24,18924
2022-09-25,18811
2022-09-26,19228
2022-09-27,19080
2022-09-28,19412
2022-09-29,20162.7
2022-09-30,19427
2022-10-01,19317
2022-10-02,19060
2022-10-03,19631
2022-10-04,20343
2022-10-05,20164
2022-10-06,19155.9
2022-10-07,19533
2022-10-08,19418
2022-10-09,19448
2022-10-10,19132
2022-10-11,19059
2022-10-12,19157
2022-10-13,19124.1
2022-10-14,19181
2022-10-15,19072
2022-10-16,19264
2022-10-17,19552
2022-10-18,19331
2022-10-19,19126
2022-10-20,20775.9
2022-10-21,19166
2022-10-22,19207
2022-10-23,19573
2022-10-24,19332
2022-10-25,20088
2022-10-26,20774
2022-10-27,20153.5
2022-10-28,20597
2022-10-29,20823
2022-10-30,20631
2022-10-31,20498
2022-11-01,20485
2022-11-02,20157
2022-11-03,15863.7
2022-11-04,21155
2022-11-05,21305
2022-11-06,20924
2022-11-07,20568
2022-11-08,18552
2022-11-09,15898
2022-11-10,16664
2022-11-11,17000
2022-11-12,16788
2022-11-13,16320
2022-11-14,16604
2022-11-15,16877
2022-11-16,16643
2022-11-17,16599.3
2022-11-18,16681
2022-11-19,16688
2022-11-20,16259
2022-11-21,15761
2022-11-22,16203
2022-11-23,16600
2022-11-24,17166.9
2022-11-25,16510
2022-11-26,16455
2022-11-27,16429
2022-11-28,16211
2022-11-29,16442
2022-11-30,17171
2022-12-01,16837.3
2022-12-02,17094
2022-12-03,16895
2022-12-04,17116
2022-12-05,16969
2022-12-06,17092
2022-12-07,16842
2022-12-08,17804.9
2022-12-09,17134
2022-12-10,17134
2022-12-11,17098
2022-12-12,17219
2022-12-13,17778
2022-12-14,17807
2022-12-15,16829.4
2022-12-16,16637
2022-12-17,16792
2022-12-18,16748
2022-12-19,16441
2022-12-20,16910
2022-12-21,16831
2022-12-22,16541.6
2022-12-23,16787
2022-12-24,16850
2022-12-25,16837
2022-12-26,16924
2022-12-27,16694
2022-12-28,16533
2022-12-29,16635
2022-12-30,16586
2022-12-31,16529
2023-01-01,16612
2023-01-02,16667
2023-01-03,16674
2023-01-04,16854
2023-01-05,16827
2023-01-06,16953
2023-01-07,16947
2023-01-08,17128
2023-01-09,17180
2023-01-10,17443
2023-01-11,17949
2023-01-12,18855
2023-01-13,19934
2023-01-14,20962
2023-01-15,20895
2023-01-16,21192
2023-01-17,21141
2023-01-18,20680
2023-01-19,21087
2023-01-20,22687
2023-01-21,22790
2023-01-22,22722
2023-01-23,22917
2023-01-24,22645
2023-01-25,23054
2023-01-26,23013
2023-01-27,23075
2023-01-28,23031
2023-01-29,23751
2023-01-30,22835
2023-01-31,23134
2023-02-01,23732
2023-02-02,23489
2023-02-03,23437
2023-02-04,23327
2023-02-05,22937
2023-02-06,22766
2023-02-07,23253
2023-02-08,22964
2023-02-09,21792
2023-02-10,21639
2023-02-11,21868
2023-02-12,21786
2023-02-13,21791
2023-02-14,22213
2023-02-15,24334
2023-02-16,23521
2023-02-17,24572
2023-02-18,24643
2023-02-19,24287
2023-02-20,24839
2023-02-21,24442
2023-02-22,24186
2023-02-23,23942
2023-02-24,23193
2023-02-25,23167
2023-02-26,23564
2023-02-27,23400
2023-02-28,23180
2023-03-01,23520
2023-03-02,23517
2023-03-03,22335
2023-03-04,22337
2023-03-05,22396
2023-03-06,22423
2023-03-07,22101
2023-03-08,21726
2023-03-09,20351
2023-03-10,20190
2023-03-11,20592
2023-03-12,21889
2023-03-13,24113
2023-03-14,24680
2023-03-15,24458
2023-03-16,24998
2023-03-17,27447
2023-03-18,27089
2023-03-19,28191
2023-03-20,27954
2023-03-21,28020
2023-03-22,27339
2023-03-23,28243
2023-03-24,27516
2023-03-25,27465
2023-03-26,28000
2023-03-27,27140
2023-03-28,27190
2023-03-29,28410
2023-03-30,27970
2023-03-31,28534
2023-04-01,28531
2023-04-02,28099
2023-04-03,27919
2023-04-04,28250
2023-04-05,28172
2023-04-06,28000
2023-04-07,27926
2023-04-08,27932
2023-04-09,28420
2023-04-10,29632
2023-04-11,30203
2023-04-12,29876
2023-04-13,30361
2023-04-14,30469
2023-04-15,30346
2023-04-16,30336
2023-04-17,29525
2023-04-18,30336
2023-04-19,29117
2023-04-20,28256
2023-04-21,27309
2023-04-22,27825
2023-04-23,27615
2023-04-24,27433
2023-04-25,28216
2023-04-26,28292
2023-04-27,29439
2023-04-28,29415
2023-04-29,29203
2023-04-30,29400
2023-05-01,28142
2023-05-02,28695
2023-05-03,29090
2023-05-04,28843
2023-05-05,29619
2023-05-06,28881
2023-05-07,28810
2023-05-08,27623
2023-05-09,27577
2023-05-10,27559
2023-05-11,26916
2023-05-12,26766
2023-05-13,26900
2023-05-14,26902
2023-05-15,27333
2023-05-16,26999
2023-05-17,27338
2023-05-18,26901
2023-05-19,26887
2023-05-20,27077
2023-05-21,26784
2023-05-22,26858
2023-05-23,27215
2023-05-24,26356
2023-05-25,26447
2023-05-26,26729
2023-05-27,26830
2023-05-28,28051
2023-05-29,27741
2023-05-30,27732
2023-05-31,27177
2023-06-01,26888
2023-06-02,27271
2023-06-03,27072
2023-06-04,27295
2023-06-05,25762
2023-06-06,27151
2023-06-07,26283
2023-06-08,26589
2023-06-09,26484
2023-06-10,25848
2023-06-11,25855
2023-06-12,25925
2023-06-13,25862
2023-06-14,25016
2023-06-15,25604
2023-06-16,26330
2023-06-17,26540
2023-06-18,26410
2023-06-19,26780
2023-06-20,28196
2023-06-21,30152
2023-06-22,29958
2023-06-23,30622
2023-06-24,30566
2023-06-25,30510
2023-06-26,30229
2023-06-27,30695
2023-06-28,30160
2023-06-29,30419
2023-06-30,30489
2023-07-01,30578
2023-07-02,30584
2023-07-03,31139
2023-07-04,30805
2023-07-05,30412
2023-07-06,30249
2023-07-07,30339
2023-07-08,30213
2023-07-09,30178
2023-07-10,30356
2023-07-11,30530
2023-07-12,30371
2023-07-13,31333
2023-07-14,30321
2023-07-15,30302
2023-07-16,30319
2023-07-17,30110
2023-07-18,29816
2023-07-19,29887
2023-07-20,29825
2023-07-21,29936
2023-07-22,29825
2023-07-23,30031
2023-07-24,29179
2023-07-25,29232
2023-07-26,29392
2023-07-27,29201
2023-07-28,29304
2023-07-29,29360
2023-07-30,29249
2023-07-31,29214
2023-08-01,29202
2023-08-02,29153
2023-08-03,29210
2023-08-04,29060
2023-08-05,29064
2023-08-06,29070
2023-08-07,29164
2023-08-08,29762
2023-08-09,29542
2023-08-10,29441
2023-08-11,29402
2023-08-12,29421
2023-08-13,29298
2023-08-14,29400
2023-08-15,29168
2023-08-16,28879
2023-08-17,26837
2023-08-18,26069
2023-08-19,26070
2023-08-20,26214
2023-08-21,26142
2023-08-22,25805
2023-08-23,26424
2023-08-24,26108
2023-08-25,26013
2023-08-26,26032
2023-08-27,26081
2023-08-28,26050
2023-08-29,27655
2023-08-30,27256
2023-08-31,26053
2023-09-01,25759
2023-09-02,25847
2023-09-03,25953
2023-09-04,25746
2023-09-05,25764
2023-09-06,25738
2023-09-07,26338
2023-09-08,25904
2023-09-09,25891
2023-09-10,25855
2023-09-11,25148
2023-09-12,25986
2023-09-13,26257
2023-09-14,26600
2023-09-15,26766
2023-09-16,26559
2023-09-17,26476
2023-09-18,26873
2023-09-19,27196
2023-09-20,27099
2023-09-21,26588
2023-09-22,26581
2023-09-23,26584
2023-09-24,26502
2023-09-25,26291
2023-09-26,26164
2023-09-27,26315
2023-09-28,27019
2023-09-29,26874
2023-09-30,27009
2023-10-01,27986
2023-10-02,27556
2023-10-03,27399
2023-10-04,27745
2023-10-05,27445
2023-10-06,28003
2023-10-07,27967
2023-10-08,27926
2023-10-09,27542
2023-10-10,27451
2023-10-11,26788
2023-10-12,26759
2023-10-13,26828
2023-10-14,26854
2023-10-15,27122
2023-10-16,28521
2023-10-17,28426
2023-10-18,28329
2023-10-19,28684
2023-10-20,29641
2023-10-21,30003
2023-10-22,30016
2023-10-23,33052
2023-10-24,34042
2023-10-25,34608
2023-10-26,34241
2023-10-27,33829
2023-10-28,34124
2023-10-29,34714
2023-10-30,34507
2023-10-31,34549
2023-11-01,35284
2023-11-02,34802
2023-11-03,34645
2023-11-04,35182
2023-11-05,35024
2023-11-06,35127
2023-11-07,35342
2023-11-08,35785
2023-11-09,36560
2023-11-10,37401
2023-11-11,36888
2023-11-12,37154
2023-11-13,36506
2023-11-14,35595
2023-11-15,37716
2023-11-16,36240
2023-11-17,36514
2023-11-18,36531
2023-11-19,36991
2023-11-20,37451
2023-11-21,36391
2023-11-22,37486
2023-11-23,37307
2023-11-24,37716
2023-11-25,37769
2023-11-26,37664
2023-11-27,37044
2023-11-28,37882
2023-11-29,37803
2023-11-30,37700
2023-12-01,38725
2023-12-02,39372
2023-12-03,40050
2023-12-04,41941
2023-12-05,44294
2023-12-06,43767
2023-12-07,43166
2023-12-08,44294
2023-12-09,43927
2023-12-10,43807
2023-12-11,41281
2023-12-12,41208
2023-12-13,43001
2023-12-14,43069
2023-12-15,42069
2023-12-16,42274
2023-12-17,41697
2023-12-18,42496
2023-12-19,42320
2023-12-20,43629
2023-12-21,43963
2023-12-22,43815
2023-12-23,43797
2023-12-24,43020
2023-12-25,43702
2023-12-26,42485
2023-12-27,43363
2023-12-28,42619
2023-12-29,41774
2023-12-30,42132
2023-12-31,42297
2024-01-01,43536
2024-01-02,44994
2024-01-03,42762
2024-01-04,44341
2024-01-05,44014
2024-01-06,43898
2024-01-07,43902
2024-01-08,47024
2024-01-09,46244
2024-01-10,46924
2024-01-11,46410
2024-01-12,42480
2024-01-13,42981
2024-01-14,42245
2024-01-15,42589
2024-01-16,43224
2024-01-17,42674
2024-01-18,41315
2024-01-19,41664
2024-01-20,41757
2024-01-21,41620
2024-01-22,39812
2024-01-23,39446
2024-01-24,39860
2024-01-25,39948
2024-01-26,41917
2024-01-27,42158
2024-01-28,41832
2024-01-29,43139
2024-01-30,43343
2024-01-31,42634
2024-02-01,42934
2024-02-02,43179
2024-02-03,43025
2024-02-04,42550
2024-02-05,42447
2024-02-06,43190
2024-02-07,44153
2024-02-08,45284
2024-02-09,47302
2024-02-10,47840
2024-02-11,48149
2024-02-12,50045
2024-02-13,49555
2024-02-14,51837
2024-02-15,51701
2024-02-16,52004
2024-02-17,51718
2024-02-18,52232
2024-02-19,51949
2024-02-20,52209
2024-02-21,51508
2024-02-22,51447
2024-02-23,50791
2024-02-24,51562
2024-02-25,51701
2024-02-26,54680
2024-02-27,56920
2024-02-28,61300
2024-02-29,61259
2024-03-01,62535
2024-03-02,61761
2024-03-03,62852
2024-03-04,67997
2024-03-05,63436
2024-03-06,66014
2024-03-07,67210
2024-03-08,68345
2024-03-09,68498
2024-03-10,68520
2024-03-11,72455
2024-03-12,71174
2024-03-13,73012
2024-03-14,71499
2024-03-15,69118
2024-03-16,66334
2024-03-17,68192
2024-03-18,67684
2024-03-19,62577
2024-03-20,67688
2024-03-21,65408
2024-03-22,63021
2024-03-23,64776
2024-03-24,66957
2024-03-25,70320
2024-03-26,70239
2024-03-27,69399
2024-03-28,70864
2024-03-29,69823
2024-03-30,69758
2024-03-31,70981
2024-04-01,69756
2024-04-02,65841
2024-04-03,66162
2024-04-04,67949
2024-04-05,67655
2024-04-06,69056
2024-04-07,69202
2024-04-08,71905
2024-04-09,69324
2024-04-10,70529
2024-04-11,70197
2024-04-12,67092
2024-04-13,64378
2024-04-14,65342
2024-04-15,63468
2024-04-16,63818
2024-04-17,61683
2024-04-18,63543
2024-04-19,64037
2024-04-20,64681
2024-04-21,65043
2024-04-22,67062
2024-04-23,66368
2024-04-24,64082
2024-04-25,64609
2024-04-26,63793
2024-04-27,63223
2024-04-28,63131
2024-04-29,63860
2024-04-30,60531
2024-05-01,57802
2024-05-02,59335
2024-05-03,62840
2024-05-04,63648
2024-05-05,63876
2024-05-06,63488
2024-05-07,62850
2024-05-08,61240
2024-05-09,63292
2024-05-10,60847
2024-05-11,60900
2024-05-12,61300
2024-05-13,62760
2024-05-14,61682
2024-05-15,66142
2024-05-16,65414
2024-05-17,66800
2024-05-18,66944
2024-05-19,66345
2024-05-20,69611
2024-05-21,70194
2024-05-22,69113
2024-05-23,67656
2024-05-24,68768
2024-05-25,69115
2024-05-26,68534
2024-05-27,69521
2024-05-28,68529
2024-05-29,67608
2024-05-30,68293
2024-05-31,67473
2024-06-01,67727
2024-06-02,67901
2024-06-03,69034
2024-06-04,70576
2024-06-05,71150
2024-06-06,70852
2024-06-07,69471
2024-06-08,69337
2024-06-09,69612
2024-06-10,69459
2024-06-11,67361
2024-06-12,68315
2024-06-13,66868
2024-06-14,65971
2024-06-15,66161
2024-06-16,66703
2024-06-17,66629
2024-06-18,65247
2024-06-19,64835
2024-06-20,64960
2024-06-21,64134
2024-06-22,64284
2024-06-23,63613
2024-06-24,60015
2024-06-25,61908
2024-06-26,60885
2024-06-27,61574
2024-06-28,60247
2024-06-29,60872
2024-06-30,62810
2024-07-01,62916
2024-07-02,61996
2024-07-03,60254
2024-07-04,58016
2024-07-05,56627
2024-07-06,58112
2024-07-07,56406
2024-07-08,56682
2024-07-09,57949
2024-07-10,57696
2024-07-11,57338
2024-07-12,57801
2024-07-13,59469
2024-07-14,60881
2024-07-15,64374
2024-07-16,64651
2024-07-17,64277
2024-07-18,64020
2024-07-19,66748
2024-07-20,67131
2024-07-21,68026
2024-07-22,67669
2024-07-23,65920
2024-07-24,65296
2024-07-25,65661
2024-07-26,67940
2024-07-27,68634
2024-07-28,68043
2024-07-29,67226
2024-07-30,66209
2024-07-31,64967
2024-08-01,65147
2024-08-02,61301
2024-08-03,60589
2024-08-04,58705
2024-08-05,54703
2024-08-06,56208
2024-08-07,55282
2024-08-08,62346
2024-08-09,60796
2024-08-10,60957
2024-08-11,59008
2024-08-12,59062
2024-08-13,60587
2024-08-14,58984
2024-08-15,57629
2024-08-16,58993
2024-08-17,59311
2024-08-18,59390
2024-08-19,59258
2024-08-20,59365
2024-08-21,61200
2024-08-22,60447
2024-08-23,64154
2024-08-24,63910
2024-08-25,64517
2024-08-26,63041
2024-08-27,59500
2024-08-28,59204
2024-08-29,59215
2024-08-30,59230
2024-08-31,59022
2024-09-01,57282
2024-09-02,59345
2024-09-03,57845
2024-09-04,58128
2024-09-05,56104
2024-09-06,53623
2024-09-07,53948
2024-09-08,54542
2024-09-09,57224
2024-09-10,57617
2024-09-11,57468
2024-09-12,58133
2024-09-13,60637
2024-09-14,60026
2024-09-15,59447
2024-09-16,57970
2024-09-17,60275
2024-09-18,60688
2024-09-19,62954
2024-09-20,63185
2024-09-21,63243
2024-09-22,63866
2024-09-23,63229
2024-09-24,64596
2024-09-25,63257
2024-09-26,65089
2024-09-27,65889
2024-09-28,65706
2024-09-29,65693
2024-09-30,63515
2024-10-01,60757
2024-10-02,60835
2024-10-03,60886
2024-10-04,62216
2024-10-05,62035
2024-10-06,62619
2024-10-07,62456
2024-10-08,62127
2024-10-09,60747
2024-10-10,60093
2024-10-11,62434
2024-10-12,63271
2024-10-13,62783
2024-10-14,66395
2024-10-15,66731
2024-10-16,67776
2024-10-17,67414
2024-10-18,68198
2024-10-19,68329
2024-10-20,69145
2024-10-21,67758
2024-10-22,67715
2024-10-23,66416
2024-10-24,68150
2024-10-25,66567
2024-10-26,67046
2024-10-27,68044
2024-10-28,69910
2024-10-29,72624
2024-10-30,72371
2024-10-31,70372
2024-11-01,69400
2024-11-02,69409
2024-11-03,68857
2024-11-04,67885
2024-11-05,69594
2024-11-06,75688
2024-11-07,75921
2024-11-08,76415
2024-11-09,76545
2024-11-10,80680
2024-11-11,88092
2024-11-12,88624
2024-11-13,89790
2024-11-14,87691
2024-11-15,91211
2024-11-16,90343
2024-11-17,89488
2024-11-18,91231
2024-11-19,91936
2024-11-20,94240
2024-11-21,98412
2024-11-22,98740
2024-11-23,97730
2024-11-24,97999
2024-11-25,94300
2024-11-26,91749
2024-11-27,96152
2024-11-28,95670
2024-11-29,97365
2024-11-30,96520
2024-12-01,97612
2024-12-02,95395
2024-12-03,96142
2024-12-04,98356
2024-12-05,96750
2024-12-06,100644
2024-12-07,99700
2024-12-08,100284
2024-12-09,97036
2024-12-10,96971
2024-12-11,101265
2024-12-12,100467
2024-12-13,101247
2024-12-14,101108
2024-12-15,103220
2024-12-16,105778
2024-12-17,105933
2024-12-18,101131
2024-12-19,98243
2024-12-20,97403
2024-12-21,97032
2024-12-22,95443
2024-12-23,95113
2024-12-24,98694
2024-12-25,98786
2024-12-26,95708
2024-12-27,94298
2024-12-28,95164
2024-12-29,92956
2024-12-30,92614
2024-12-31,93318
2025-01-01,94616
2025-01-02,96830
2025-01-03,98256
2025-01-04,98412
2025-01-05,98669
2025-01-06,102039
2025-01-07,97136
2025-01-08,95251
2025-01-09,92481
2025-01-10,94748
2025-01-11,94572
2025-01-12,93870
2025-01-13,94370
2025-01-14,96668
2025-01-15,99738
2025-01-16,99805
2025-01-17,104413
2025-01-18,104172
2025-01-19,103290
2025-01-20,103500
2025-01-21,106000
2025-01-22,103814
2025-01-23,104000
2025-01-24,104733
2025-01-25,105060
2025-01-26,104311
2025-01-27,101646
2025-01-28,101233
2025-01-29,103530
2025-01-30,105119
2025-01-31,102239
2025-02-01,100663
2025-02-02,97923
2025-02-03,101822
2025-02-04,97710
2025-02-05,96463
2025-02-06,96900
2025-02-07,96075
2025-02-08,96512
2025-02-09,95938
2025-02-10,97436
2025-02-11,95567
2025-02-12,97812
2025-02-13,96373
2025-02-14,97153
2025-02-15,97548
2025-02-16,96880
2025-02-17,95900
2025-02-18,95298
2025-02-19,96559
2025-02-20,98157
2025-02-21,95792
2025-02-22,96647
2025-02-23,95809
2025-02-24,92459
2025-02-25,88740
2025-02-26,84307
2025-02-27,84597
2025-02-28,84082
2025-03-01,86083
2025-03-02,94309
2025-03-03,86604
2025-03-04,87436
2025-03-05,90519
2025-03-06,90336
2025-03-07,86750
2025-03-08,86343
2025-03-09,80315
2025-03-10,79500
2025-03-11,82900
2025-03-12,83673
2025-03-13,81349
2025-03-14,84455
2025-03-15,84400
2025-03-16,82129
2025-03-17,84066
2025-03-18,82424
2025-03-19,86198
2025-03-20,84097
2025-03-21,84150
2025-03-22,83962
2025-03-23,85362
2025-03-24,87473
2025-03-25,87534
2025-03-26,86852
2025-03-27,87340
2025-03-28,84424
2025-03-29,82367
2025-03-30,82391
2025-03-31,82381
2025-04-01,85095
2025-04-02,82799
2025-04-03,82706
2025-04-04,84029
2025-04-05,83176
2025-04-06,78000
2025-04-07,79932
2025-04-08,76655
2025-04-09,83030
2025-04-10,79642
2025-04-11,83388
2025-04-12,85331
2025-04-13,83302
2025-04-14,84496
2025-04-15,83828
2025-04-16,84468
2025-04-17,84742
2025-04-18,84523
2025-04-19,85246
2025-04-20,84833
2025-04-21,87164
2025-04-22,92777
2025-04-23,93769
2025-04-24,93450
2025-04-25,94911
2025-04-26,94811
2025-04-27,93987
2025-04-28,94833
2025-04-29,94206
2025-04-30,94122
2025-05-01,96418
2025-05-02,96676
2025-05-03,96208
2025-05-04,95027
2025-05-05,95050
2025-05-06,96268
2025-05-07,97283
2025-05-08,102974
2025-05-09,102791
2025-05-10,103600
2025-05-11,103805
2025-05-12,102857
2025-05-13,104146
2025-05-14,103521
2025-05-15,103529
2025-05-16,103551
2025-05-17,103100
2025-05-18,105964
2025-05-19,105575
2025-05-20,106800
2025-05-21,108799
2025-05-22,111055
2025-05-23,107834
2025-05-24,108070
2025-05-25,109192
2025-05-26,109220
2025-05-27,109067
2025-05-28,107431
2025-05-29,105963
2025-05-30,104041
2025-05-31,104680
2025-06-01,105549
2025-06-02,105700
2025-06-03,105827
2025-06-04,104840
2025-06-05,101557
2025-06-06,104582
2025-06-07,105881
2025-06-08,105828
2025-06-09,110220
2025-06-10,109740
2025-06-11,108469
2025-06-12,105947
2025-06-13,105807
2025-06-14,105474
2025-06-15,105294
2025-06-16,107751
2025-06-17,104271
2025-06-18,104824
2025-06-19,104618
2025-06-20,103116
2025-06-21,101824
2025-06-22,101000
2025-06-23,105663
2025-06-24,106070
2025-06-25,107336
2025-06-26,107041
2025-06-27,107165
2025-06-28,107413
2025-06-29,108095
2025-06-30,107167
2025-07-01,105700
2025-07-02,109191
2025-07-03,109758
2025-07-04,108288
2025-07-05,108234
2025-07-06,109270
2025-07-07,108029
2025-07-08,108953
2025-07-09,111432
2025-07-10,116000
2025-07-11,117615
2025-07-12,117411
2025-07-13,118575
2025-07-14,119855
2025-07-15,117844
2025-07-16,118725
2025-07-17,119822
2025-07-18,117784
2025-07-19,117850
2025-07-20,117543
2025-07-21,117420
2025-07-22,119873
2025-07-23,118620
2025-07-24,118364
2025-07-25,117307
2025-07-26,118087
2025-07-27,119556
2025-07-28,117856
2025-07-29,117819
2025-07-30,117488
2025-07-31,116072
2025-08-01,113170
2025-08-02,112838
2025-08-03,114326
2025-08-04,115332
2025-08-05,113945
2025-08-06,115125
2025-08-07,117634
2025-08-08,116905
2025-08-09,116559
2025-08-10,119005
2025-08-11,118901
2025-08-12,120070
2025-08-13,123354
2025-08-14,118383
2025-08-15,117426
2025-08-16,117487
2025-08-17,118033
2025-08-18,116456
2025-08-19,113154
2025-08-20,114598
2025-08-21,112473
2025-08-22,116725
2025-08-23,115269
2025-08-24,113446
2025-08-25,110179
2025-08-26,111922
2025-08-27,111449
2025-08-28,112354
2025-08-29,108374
2025-08-30,108536
2025-08-31,108899
2025-09-01,108462
2025-09-02,111276
2025-09-03,111994
2025-09-04,111493
2025-09-05,110860
2025-09-06,110201
2025-09-07,111245
2025-09-08,112253
2025-09-09,111552
2025-09-10,113869
2025-09-11,115170
2025-09-12,116096
2025-09-13,115934
2025-09-14,116063
2025-09-15,115336
2025-09-16,116891
2025-09-17,116597
2025-09-18,117100
2025-09-19,115669
2025-09-20,115844
2025-09-21,115601
2025-09-22,112735
2025-09-23,112171
2025-09-24,113380
2025-09-25,109471
2025-09-26,109611
2025-09-27,109642
2025-09-28,111958
2025-09-29,114244
2025-09-30,113962
2025-10-01,117803
2025-10-02,120319
2025-10-03,122516
2025-10-04,122349
2025-10-05,123270
2025-10-06,125083
2025-10-07,122083
2025-10-08,123310
2025-10-09,121748
2025-10-10,114071
2025-10-11,111167
2025-10-12,115370
2025-10-13,115618
2025-10-14,113264
2025-10-15,110712
2025-10-16,107810
2025-10-17,107029
2025-10-18,107169
2025-10-19,109191
2025-10-20,110866
2025-10-21,109107
2025-10-22,107205
2025-10-23,109998
2025-10-24,111054
2025-10-25,111645
2025-10-26,114678
2025-10-27,114114
2025-10-28,113254
2025-10-29,111031
2025-10-30,107868
2025-10-31,109529
2025-11-01,110033
2025-11-02,109959
2025-11-03,106422
2025-11-04,101260
2025-11-05,103709
2025-11-06,101383
2025-11-07,103620
2025-11-08,102355
2025-11-09,104699
2025-11-10,106031
2025-11-11,102960
2025-11-12,101969
2025-11-13,99751
2025-11-14,95070
2025-11-15,95551
2025-11-16,94110
2025-11-17,92150
2025-11-18,93102
2025-11-19,90389
2025-11-20,87968
2025-11-21,84278
2025-11-22,85029
2025-11-23,87967
2025-11-24,88653
2025-11-25,87622
2025-11-26,90365
2025-11-27,91336
2025-11-28,91049
2025-11-29,90773
2025-11-30,91261
2025-12-01,86597
2025-12-02,92000
2025-12-03,93796
2025-12-04,92388
2025-12-05,89300
2025-12-06,89301
2025-12-07,89625
2025-12-08,90859
2025-12-09,92883
2025-12-10,92535
2025-12-11,92459
2025-12-12,90340
2025-12-13,90153
2025-12-14,88427
2025-12-15,86229
2025-12-16,87764
2025-12-17,86308
2025-12-18,85537
2025-12-19,88272
2025-12-20,88250
2025-12-21,88436
2025-12-22,88610
2025-12-23,87352
2025-12-24,87940
2025-12-25,87586
2025-12-26,87471
2025-12-27,87527
2025-12-28,87866
2025-12-29,87230
2025-12-30,88317
2025-12-31,87589
2026-01-01,88533
2026-01-02,90158
2026-01-03,90548
2026-01-04,91173
2026-01-05,94173
2026-01-06,93291
2026-01-07,91086
2026-01-08,91133
2026-01-09,90495
2026-01-10,90306
2026-01-11,90426
2026-01-12,91152
2026-01-13,95656
2026-01-14,96904
2026-01-15,95539
2026-01-16,95466
2026-01-17,95127
2026-01-18,95442
2026-01-19,92517
2026-01-20,88362
2026-01-21,89692
2026-01-22,89269
2026-01-23,89518
2026-01-24,89290
2026-01-25,86420
2026-01-26,88043
2026-01-27,89130
2026-01-28,89245
2026-01-29,84396
2026-01-30,84086
2026-01-31,78051
2026-02-01,77196
2026-02-02,78734
2026-02-03,75631
2026-02-04,72390
2026-02-05,63933
2026-02-06,71292
2026-02-07,69397
2026-02-08,71015
2026-02-09,70352
2026-02-10,68649
2026-02-11,67429
2026-02-12,66251
2026-02-13,68919
2026-02-14,69940
2026-02-15,68920
2026-02-16,68563
2026-02-17,67515
2026-02-18,66380
2026-02-19,66908
2026-02-20,68062
2026-02-21,67982
2026-02-22,67653
2026-02-23,64735
2026-02-24,64116
2026-02-25,68463
2026-02-26,67590
2026-02-27,65624
2026-02-28,67114
2026-03-01,65197
2026-03-02,69372
2026-03-03,68285
2026-03-04,72696
2026-03-05,71235
2026-03-06,68349
2026-03-07,67249
2026-03-08,66232
2026-03-09,68657
2026-03-10,69715
2026-03-11,70378
2026-03-12,70194
2026-03-13,70800
2026-03-14,70726
2026-03-15,72724
2026-03-16,74734
2026-03-17,74341
2026-03-18,71147
2026-03-19,70187
2026-03-20,70770
2026-03-21,70283
2026-03-22,68301
2026-03-23,70771
2026-03-24,70312
2026-03-25,71354
2026-03-26,68834
2026-03-27,65981
2026-03-28,66697
2026-03-29,65813
2026-03-30,66728
2026-03-31,68109
2026-04-01,68117
2026-04-02,67020
2026-04-03,66884
2026-04-04,67391
2026-04-05,68309
2026-04-06,68800
2026-04-07,71489
2026-04-08,71069
2026-04-09,71964
2026-04-10,72900
2026-04-11,73404
2026-04-12,70922
2026-04-13,74657
2026-04-14,74056
2026-04-15,74990
2026-04-16,74888
2026-04-17,77314
2026-04-18,75850
2026-04-19,74088
2026-04-20,75991
2026-04-21,75659
2026-04-22,78654
2026-04-23,78244
2026-04-24,77358
2026-04-25,77580
2026-04-26,78322
2026-04-27,77060
2026-04-28,76239
2026-04-29,75912
2026-04-30,76226
2026-05-01,78147
2026-05-02,78829
2026-05-03,79166
2026-05-04,80057
2026-05-05,81112
2026-05-06,81352
2026-05-07,79910
2026-05-08,80278
2026-05-09,80726
2026-05-10,82010
2026-05-11,81810
2026-05-12,80631
2026-05-13,79398
2026-05-14,81425
2026-05-15,79062
2026-05-16,78157
2026-05-17,77951
2026-05-18,77026
2026-05-19,76655
2026-05-20,77425
2026-05-21,77550
2026-05-22,75657
2026-05-23,76486
2026-05-24,76721
2026-05-25,77060
2026-05-26,75646
2026-05-27,74299
2026-05-28,73366
2026-05-29,73393
2026-05-30,73784
2026-05-31,73853
2026-06-01,71316
2026-06-02,66306
2026-06-03,64810
2026-06-04,63695
2026-06-05,61620
2026-06-06,60581
2026-06-07,62841
2026-06-08,63424
2026-06-09,61682
2026-06-10,61332
2026-06-11,63429
2026-06-12,63473
2026-06-13,64429
2026-06-14,65354
2026-06-15,66169
2026-06-16,65714
2026-06-17,64244
2026-06-18,62823
2026-06-19,63258
2026-06-20,64210
2026-06-21,63725
2026-06-22,63889
2026-06-23,62513
2026-06-24,60781
2026-06-25,59766
2026-06-26,59955
2026-06-27,60149
2026-06-28,58995
2026-06-29,60280
2026-06-30,58548
2026-07-01,60364
2026-07-02,61417
2026-07-03,62516
2026-07-04,63137
2026-07-05,62844
