date,close_CAD
2010-07-19,-1
2010-07-26,-1
2010-08-02,-1
2010-08-09,-1
2010-08-16,-1
2010-08-23,-1
2010-08-30,-1
2010-09-06,-1
2010-09-13,-1
2010-09-20,-1
2010-09-27,-1
2010-10-04,-1
2010-10-11,-1
2010-10-18,-1
2010-10-25,-1
2010-11-01,-1
2010-11-08,-1
2010-11-15,-1
2010-11-22,-1
2010-11-29,-1
2010-12-06,-1
2010-12-13,-1
2010-12-20,-1
2010-12-27,-1
2011-01-03,-1
2011-01-10,-1
2011-01-17,-1
2011-01-24,-1
2011-01-31,-1
2011-02-07,-1
2011-02-14,-1
2011-02-21,-1
2011-02-28,-1
2011-03-07,-1
2011-03-14,-1
2011-03-21,-1
2011-03-28,-1
2011-04-04,-1
2011-04-11,-1
2011-04-18,-1
2011-04-25,-1
2011-05-02,-1
2011-05-09,-1
2011-05-16,-1
2011-05-23,-1
2011-05-30,-1
2011-06-06,-1
2011-06-13,-1
2011-06-20,-1
2011-06-27,-1
2011-07-04,-1
2011-07-11,-1
2011-07-18,-1
2011-07-25,-1
2011-08-01,-1
2011-08-08,-1
2011-08-15,-1
2011-08-22,-1
2011-08-29,-1
2011-09-05,-1
2011-09-12,-1
2011-09-19,-1
2011-09-26,-1
2011-10-03,-1
2011-10-10,-1
2011-10-17,-1
2011-10-24,-1
2011-10-31,-1
2011-11-07,-1
2011-11-14,-1
2011-11-21,-1
2011-11-28,-1
2011-12-05,-1
2011-12-12,-1
2011-12-19,-1
2011-12-26,-1
2012-01-02,-1
2012-01-09,-1
2012-01-16,-1
2012-01-23,-1
2012-01-30,-1
2012-02-06,-1
2012-02-13,-1
2012-02-20,-1
2012-02-27,-1
2012-03-05,-1
2012-03-12,-1
2012-03-19,-1
2012-03-26,-1
2012-04-02,-1
2012-04-09,-1
2012-04-16,-1
2012-04-23,-1
2012-04-30,-1
2012-05-07,-1
2012-05-14,-1
2012-05-21,-1
2012-05-28,-1
2012-06-04,-1
2012-06-11,-1
2012-06-18,-1
2012-06-25,-1
2012-07-02,-1
2012-07-09,-1
2012-07-16,-1
2012-07-23,-1
2012-07-30,-1
2012-08-06,-1
2012-08-13,-1
2012-08-20,-1
2012-08-27,-1
2012-09-03,-1
2012-09-10,-1
2012-09-17,-1
2012-09-24,-1
2012-10-01,-1
2012-10-08,-1
2012-10-15,-1
2012-10-22,-1
2012-10-29,-1
2012-11-05,-1
2012-11-12,-1
2012-11-19,-1
2012-11-26,-1
2012-12-03,-1
2012-12-10,-1
2012-12-17,-1
2012-12-24,-1
2012-12-31,-1
2013-01-07,-1
2013-01-14,-1
2013-01-21,-1
2013-01-28,-1
2013-02-04,-1
2013-02-11,-1
2013-02-18,-1
2013-02-25,-1
2013-03-04,-1
2013-03-11,-1
2013-03-18,-1
2013-03-25,-1
2013-04-01,-1
2013-04-08,-1
2013-04-15,-1
2013-04-22,-1
2013-04-29,-1
2013-05-06,-1
2013-05-13,-1
2013-05-20,-1
2013-05-27,-1
2013-06-03,-1
2013-06-10,-1
2013-06-17,-1
2013-06-24,-1
2013-07-01,-1
2013-07-08,-1
2013-07-15,-1
2013-07-22,-1
2013-07-29,-1
2013-08-05,-1
2013-08-12,-1
2013-08-19,-1
2013-08-26,-1
2013-09-02,-1
2013-09-09,-1
2013-09-16,-1
2013-09-23,-1
2013-09-30,-1
2013-10-03,-1
2013-10-10,-1
2013-10-17,-1
2013-10-24,-1
2013-10-31,-1
2013-11-07,-1
2013-11-14,-1
2013-11-21,-1
2013-11-28,-1
2013-12-05,-1
2013-12-12,-1
2013-12-19,-1
2013-12-26,-1
2014-01-02,-1
2014-01-09,-1
2014-01-16,-1
2014-01-23,-1
2014-01-30,-1
2014-02-06,-1
2014-02-13,-1
2014-02-20,-1
2014-02-27,-1
2014-03-06,-1
2014-03-13,-1
2014-03-20,-1
2014-03-27,-1
2014-04-03,-1
2014-04-10,-1
2014-04-17,-1
2014-04-24,-1
2014-05-01,-1
2014-05-08,-1
2014-05-15,-1
2014-05-22,-1
2014-05-29,-1
2014-06-05,-1
2014-06-12,-1
2014-06-19,-1
2014-06-26,-1
2014-07-03,-1
2014-07-10,-1
2014-07-17,-1
2014-07-24,-1
2014-07-31,-1
2014-08-07,-1
2014-08-14,-1
2014-08-21,-1
2014-08-28,-1
2014-09-04,-1
2014-09-11,-1
2014-09-18,-1
2014-09-25,-1
2014-10-02,-1
2014-10-09,-1
2014-10-16,-1
2014-10-23,-1
2014-10-30,-1
2014-11-06,-1
2014-11-13,-1
2014-11-20,-1
2014-11-27,-1
2014-12-04,-1
2014-12-11,-1
2014-12-18,-1
2014-12-25,-1
2015-01-01,-1
2015-01-08,-1
2015-01-15,-1
2015-01-22,-1
2015-01-29,-1
2015-02-05,-1
2015-02-12,-1
2015-02-19,-1
2015-02-26,-1
2015-03-05,-1
2015-03-12,-1
2015-03-19,-1
2015-03-26,-1
2015-04-02,-1
2015-04-09,-1
2015-04-16,-1
2015-04-23,-1
2015-04-30,-1
2015-05-07,-1
2015-05-14,-1
2015-05-21,-1
2015-05-28,-1
2015-06-04,-1
2015-06-11,-1
2015-06-18,-1
2015-06-25,-1
2015-07-02,-1
2015-07-09,351
2015-07-16,357.2
2015-07-23,376.8
2015-07-30,374
2015-08-06,351.9
2015-08-13,335
2015-08-20,303.2
2015-08-27,309
2015-09-03,320
2015-09-10,304.4
2015-09-17,310
2015-09-24,325.4
2015-10-01,329.3
2015-10-08,331.9
2015-10-15,351.6
2015-10-22,399
2015-10-29,550
2015-11-05,406
2015-11-12,465
2015-11-19,431.9
2015-11-26,485.8
2015-12-03,521.7
2015-12-10,637
2015-12-17,654.9
2015-12-24,610
2015-12-31,620
2016-01-07,618.8
2016-01-14,600.8
2016-01-21,561
2016-01-28,509.6
2016-02-04,531.8
2016-02-11,569.3
2016-02-18,579.4
2016-02-25,570.9
2016-03-03,543.9
2016-03-10,550.6
2016-03-17,551.2
2016-03-24,541.3
2016-03-31,554.8
2016-04-07,541.4
2016-04-14,559.3
2016-04-21,566.6
2016-04-28,578.4
2016-05-05,585.6
2016-05-12,591.5
2016-05-19,585
2016-05-26,702
2016-06-02,739.2
2016-06-09,890
2016-06-16,765.3
2016-06-23,877.9
2016-06-30,883.1
2016-07-07,860
2016-07-14,870.4
2016-07-21,861
2016-07-28,732.3
2016-08-04,782.2
2016-08-11,680.2
2016-08-18,747
2016-08-25,735
2016-09-01,753.7
2016-09-08,770
2016-09-15,765.7
2016-09-22,776
2016-09-29,805
2016-10-06,828.7
2016-10-13,820
2016-10-20,874.5
2016-10-27,975
2016-11-03,940.2
2016-11-10,990
2016-11-17,990
2016-11-24,994.8
2016-12-01,1013.7
2016-12-08,1032.5
2016-12-15,1091
2016-12-22,1320.2
2016-12-29,1502.1
2017-01-05,1041.3
2017-01-12,1178.3
2017-01-19,1184.2
2017-01-26,1287.7
2017-02-02,1385
2017-02-09,1324.9
2017-02-16,1466.1
2017-02-23,1599.9
2017-03-02,1594.9
2017-03-09,1667.7
2017-03-16,1398.8
2017-03-23,1374.9
2017-03-30,1514.7
2017-04-06,1591.5
2017-04-13,1625
2017-04-20,1749.1
2017-04-27,2074.7
2017-05-04,2376.2
2017-05-11,2503.8
2017-05-18,3228
2017-05-25,3139.9
2017-06-01,3671.6
2017-06-08,3325.5
2017-06-15,3515
2017-06-22,3387.8
2017-06-29,3389.4
2017-07-06,3071.8
2017-07-13,2902.9
2017-07-20,3215.5
2017-07-27,3400
2017-08-03,4363.5
2017-08-10,5568.5
2017-08-17,5249.9
2017-08-24,5820
2017-08-31,5910
2017-09-07,4842
2017-09-14,4965.8
2017-09-21,5279.7
2017-09-28,5304.3
2017-10-05,6064.7
2017-10-12,7094
2017-10-19,7464.5
2017-10-26,8944.7
2017-11-02,9500
2017-11-09,9291.4
2017-11-16,10560.1
2017-11-23,12992.7
2017-11-30,17776.9
2017-12-07,19350.1
2017-12-14,19830
2017-12-21,19636.6
2017-12-28,18980
2018-01-04,18275
2018-01-11,13757.1
2018-01-18,13783.6
2018-01-25,12421.8
2018-02-01,9504.7
2018-02-08,11713.5
2018-02-15,12200
2018-02-22,10500
2018-03-01,12675
2018-03-08,10706.2
2018-03-15,11414.4
2018-03-22,10326
2018-03-29,8600.1
2018-04-05,8280.4
2018-04-12,9965
2018-04-19,11130.5
2018-04-26,11491.7
2018-05-03,11533.3
2018-05-10,10375
2018-05-17,9518.5
2018-05-24,9098.9
2018-05-31,9562.4
2018-06-07,8166.3
2018-06-14,8781
2018-06-21,7948
2018-06-28,8530
2018-07-05,8075.3
2018-07-12,9349.9
2018-07-19,10430.7
2018-07-26,9884.7
2018-08-02,8150.6
2018-08-09,8284.3
2018-08-16,8291.4
2018-08-23,9178.7
2018-08-30,8734.1
2018-09-06,8355
2018-09-13,8215.9
2018-09-20,8446.5
2018-09-27,8223
2018-10-04,8430
2018-10-11,8459.9
2018-10-18,8330.9
2018-10-25,8314.9
2018-11-01,8539.7
2018-11-08,7659.2
2018-11-15,6000
2018-11-22,5494
2018-11-29,5011.4
2018-12-06,4625.2
2018-12-13,5056.7
2018-12-20,5285.7
2018-12-27,5397.3
2019-01-03,5281.5
2019-01-10,4753.3
2019-01-17,4731.4
2019-01-24,4511.1
2019-01-31,4338.8
2019-02-07,4700.6
2019-02-14,5210.9
2019-02-21,4994.1
2019-02-28,5182.9
2019-03-07,5162.3
2019-03-14,5348.8
2019-03-21,5394.9
2019-03-28,6457.9
2019-04-04,7086
2019-04-11,7028.1
2019-04-18,7364.5
2019-04-25,7136.6
2019-05-02,8000.9
2019-05-09,10940.9
2019-05-16,10368.5
2019-05-23,11625.6
2019-05-30,10350.3
2019-06-06,10815
2019-06-13,12400
2019-06-20,16715.5
2019-06-27,15167.4
2019-07-04,15890.8
2019-07-11,12620
2019-07-18,12865
2019-07-25,13311.6
2019-08-01,15776.7
2019-08-08,13289.1
2019-08-15,13487.2
2019-08-22,12983.1
2019-08-29,13880.6
2019-09-05,13378.4
2019-09-12,13368.6
2019-09-19,11209.8
2019-09-26,11187
2019-10-03,11537.6
2019-10-10,10635.1
2019-10-17,9849.7
2019-10-24,12125.9
2019-10-31,12351.2
2019-11-07,11613
2019-11-14,10758
2019-11-21,9983.9
2019-11-28,9549.7
2019-12-05,9482.7
2019-12-12,9568
2019-12-19,9508.6
2019-12-26,9301.3
2020-01-02,10423.7
2020-01-09,11333.6
2020-01-16,11348.7
2020-01-23,12160.8
2020-01-30,12635.7
2020-02-06,13610
2020-02-13,12730.9
2020-02-20,11724.5
2020-02-27,11734.1
2020-03-05,10944.3
2020-03-12,7825
2020-03-19,9566.6
2020-03-26,9414
2020-04-02,10347.9
2020-04-09,9448
2020-04-16,10149
2020-04-23,12324.5
2020-04-30,13019
2020-05-07,13215.7
2020-05-14,13311.9
2020-05-21,12667.4
2020-05-28,13084.8
2020-06-04,13315.8
2020-06-11,12916
2020-06-18,12711.8
2020-06-25,12592.7
2020-07-02,12768.4
2020-07-09,12483.8
2020-07-16,12776.9
2020-07-23,14769.4
2020-07-30,15612.9
2020-08-06,15418.5
2020-08-13,15634.3
2020-08-20,15178.9
2020-08-27,14973.4
2020-09-03,13597
2020-09-10,14557.6
2020-09-17,13782.6
2020-09-24,14391
2020-10-01,14195.9
2020-10-08,15095.1
2020-10-15,16893.7
2020-10-22,17650
2020-10-29,18614
2020-11-05,20638.7
2020-11-12,23395.4
2020-11-19,24473.2
2020-11-26,24939.3
2020-12-03,23947.2
2020-12-10,27343.1
2020-12-17,29973.1
2020-12-24,36924.9
2020-12-31,42236.4
2021-01-07,47710.7
2021-01-14,44868.7
2021-01-21,39138.8
2021-01-28,47999.8
2021-02-04,57142.6
2021-02-11,66070.7
2021-02-18,62271.5
2021-02-25,64249.2
2021-03-04,70797.3
2021-03-11,73074.1
2021-03-18,66128.4
2021-03-25,73873.5
2021-04-01,70586.6
2021-04-08,78796
2021-04-15,67495.2
2021-04-22,67572.2
2021-04-29,70326.1
2021-05-06,58558.6
2021-05-13,44663.6
2021-05-20,47796
2021-05-27,45323.9
2021-06-03,45067.2
2021-06-10,46945.3
2021-06-17,41504.7
2021-06-24,43483.6
2021-07-01,42226.4
2021-07-08,41065.5
2021-07-15,40332.1
2021-07-22,49873.2
2021-07-29,49582.4
2021-08-05,57038.9
2021-08-12,56647.2
2021-08-19,61456.9
2021-08-26,61000
2021-09-02,58596.4
2021-09-09,60800
2021-09-16,55361.1
2021-09-23,53023.5
2021-09-30,68909
2021-10-07,71044.6
2021-10-14,80133.5
2021-10-21,72384.3
2021-10-28,77506.3
2021-11-04,80971.8
2021-11-11,76240
2021-11-18,72502.2
2021-11-25,73029.5
2021-12-02,63791.8
2021-12-09,62551.2
2021-12-16,62423.7
2021-12-23,59385.6
2021-12-30,55124.7
2022-01-06,54976.6
2022-01-13,52190
2022-01-20,46621.4
2022-01-27,46898.9
2022-02-03,56222.1
2022-02-10,55815
2022-02-17,47431.2
2022-02-24,55603.1
2022-02-27,-1
2022-02-28,-1
2022-03-01,-1
2022-03-02,-1
2022-03-03,-1
2022-03-04,-1
2022-03-05,-1
2022-03-06,-1
2022-03-07,-1
2022-03-08,-1
2022-03-09,-1
2022-03-10,-1
2022-03-11,-1
2022-03-12,-1
2022-03-13,-1
2022-03-14,-1
2022-03-15,-1
2022-03-16,-1
2022-03-17,-1
2022-03-18,-1
2022-03-19,-1
2022-03-20,-1
2022-03-21,-1
2022-03-22,-1
2022-03-23,-1
2022-03-24,-1
2022-03-25,-1
2022-03-26,-1
2022-03-27,-1
2022-03-28,-1
2022-03-29,-1
2022-03-30,-1
2022-03-31,-1
2022-04-01,-1
2022-04-02,-1
2022-04-03,-1
2022-04-04,-1
2022-04-05,-1
2022-04-06,-1
2022-04-07,-1
2022-04-08,-1
2022-04-09,-1
2022-04-10,-1
2022-04-11,-1
2022-04-12,-1
2022-04-13,-1
2022-04-14,-1
2022-04-15,-1
2022-04-16,-1
2022-04-17,-1
2022-04-18,-1
2022-04-19,-1
2022-04-20,-1
2022-04-21,-1
2022-04-22,-1
2022-04-23,-1
2022-04-24,-1
2022-04-25,-1
2022-04-26,-1
2022-04-27,-1
2022-04-28,-1
2022-04-29,-1
2022-04-30,-1
2022-05-01,-1
2022-05-02,-1
2022-05-03,-1
2022-05-04,-1
2022-05-05,-1
2022-05-06,-1
2022-05-07,-1
2022-05-08,-1
2022-05-09,-1
2022-05-10,-1
2022-05-11,-1
2022-05-12,-1
2022-05-13,-1
2022-05-14,-1
2022-05-15,-1
2022-05-16,-1
2022-05-17,-1
2022-05-18,-1
2022-05-19,-1
2022-05-20,-1
2022-05-21,-1
2022-05-22,-1
2022-05-23,-1
2022-05-24,-1
2022-05-25,-1
2022-05-26,-1
2022-05-27,-1
2022-05-28,-1
2022-05-29,-1
2022-05-30,-1
2022-05-31,-1
2022-06-01,-1
2022-06-02,-1
2022-06-03,-1
2022-06-04,-1
2022-06-05,-1
2022-06-06,-1
2022-06-07,-1
2022-06-08,-1
2022-06-09,-1
2022-06-10,-1
2022-06-11,-1
2022-06-12,-1
2022-06-13,-1
2022-06-14,-1
2022-06-15,-1
2022-06-16,-1
2022-06-17,-1
2022-06-18,-1
2022-06-19,-1
2022-06-20,-1
2022-06-21,-1
2022-06-22,-1
2022-06-23,-1
2022-06-24,-1
2022-06-25,-1
2022-06-26,-1
2022-06-27,-1
2022-06-28,-1
2022-06-29,-1
2022-06-30,-1
2022-07-01,-1
2022-07-02,-1
2022-07-03,-1
2022-07-04,-1
2022-07-05,-1
2022-07-06,-1
2022-07-07,26309.2
2022-07-08,-1
2022-07-09,-1
2022-07-10,-1
2022-07-11,-1
2022-07-12,-1
2022-07-13,-1
2022-07-14,29974.4
2022-07-15,-1
2022-07-16,-1
2022-07-17,-1
2022-07-18,-1
2022-07-19,-1
2022-07-20,-1
2022-07-21,29451.6
2022-07-22,-1
2022-07-23,-1
2022-07-24,-1
2022-07-25,-1
2022-07-26,-1
2022-07-27,-1
2022-07-28,29364.4
2022-07-29,-1
2022-07-30,-1
2022-07-31,-1
2022-08-01,-1
2022-08-02,-1
2022-08-03,-1
2022-08-04,30549
2022-08-05,-1
2022-08-06,-1
2022-08-07,-1
2022-08-08,-1
2022-08-09,-1
2022-08-10,-1
2022-08-11,30163.4
2022-08-12,-1
2022-08-13,-1
2022-08-14,-1
2022-08-15,-1
2022-08-16,-1
2022-08-17,-1
2022-08-18,27746.1
2022-08-19,-1
2022-08-20,-1
2022-08-21,-1
2022-08-22,-1
2022-08-23,-1
2022-08-24,-1
2022-08-25,26355.4
2022-08-26,-1
2022-08-27,-1
2022-08-28,-1
2022-08-29,-1
2022-08-30,-1
2022-08-31,-1
2022-09-01,25297.5
2022-09-02,-1
2022-09-03,-1
2022-09-04,-1
2022-09-05,-1
2022-09-06,-1
2022-09-07,-1
2022-09-08,26604.9
2022-09-09,-1
2022-09-10,-1
2022-09-11,-1
2022-09-12,-1
2022-09-13,-1
2022-09-14,-1
2022-09-15,24864.4
2022-09-16,-1
2022-09-17,-1
2022-09-18,-1
2022-09-19,-1
2022-09-20,-1
2022-09-21,-1
2022-09-22,26339
2022-09-23,-1
2022-09-24,-1
2022-09-25,-1
2022-09-26,-1
2022-09-27,-1
2022-09-28,-1
2022-09-29,27408.6
2022-09-30,-1
2022-10-01,-1
2022-10-02,-1
2022-10-03,-1
2022-10-04,-1
2022-10-05,-1
2022-10-06,26408.2
2022-10-07,-1
2022-10-08,-1
2022-10-09,-1
2022-10-10,-1
2022-10-11,-1
2022-10-12,-1
2022-10-13,26316.9
2022-10-14,-1
2022-10-15,-1
2022-10-16,-1
2022-10-17,-1
2022-10-18,-1
2022-10-19,-1
2022-10-20,28126.8
2022-10-21,-1
2022-10-22,-1
2022-10-23,-1
2022-10-24,-1
2022-10-25,-1
2022-10-26,-1
2022-10-27,27553
2022-10-28,-1
2022-10-29,-1
2022-10-30,-1
2022-10-31,-1
2022-11-01,-1
2022-11-02,-1
2022-11-03,21406.5
2022-11-04,-1
2022-11-05,-1
2022-11-06,-1
2022-11-07,-1
2022-11-08,-1
2022-11-09,-1
2022-11-10,22139.1
2022-11-11,-1
2022-11-12,-1
2022-11-13,-1
2022-11-14,-1
2022-11-15,-1
2022-11-16,-1
2022-11-17,22148.2
2022-11-18,-1
2022-11-19,-1
2022-11-20,-1
2022-11-21,-1
2022-11-22,-1
2022-11-23,-1
2022-11-24,22997.8
2022-11-25,-1
2022-11-26,-1
2022-11-27,-1
2022-11-28,-1
2022-11-29,-1
2022-11-30,-1
2022-12-01,22928
2022-12-02,-1
2022-12-03,-1
2022-12-04,-1
2022-12-05,-1
2022-12-06,-1
2022-12-07,-1
2022-12-08,24119.3
2022-12-09,-1
2022-12-10,-1
2022-12-11,-1
2022-12-12,-1
2022-12-13,-1
2022-12-14,-1
2022-12-15,22858.9
2022-12-16,-1
2022-12-17,-1
2022-12-18,-1
2022-12-19,-1
2022-12-20,-1
2022-12-21,-1
2022-12-22,22448.2
2022-12-23,-1
2022-12-24,-1
2022-12-25,-1
2022-12-26,-1
2022-12-27,-1
2022-12-28,-1
2022-12-29,-1
2022-12-30,-1
2022-12-31,-1
2023-01-01,-1
2023-01-02,-1
2023-01-03,-1
2023-01-04,-1
2023-01-05,-1
2023-01-06,-1
2023-01-07,-1
2023-01-08,-1
2023-01-09,-1
2023-01-10,-1
2023-01-11,-1
2023-01-12,-1
2023-01-13,-1
2023-01-14,-1
2023-01-15,-1
2023-01-16,-1
2023-01-17,-1
2023-01-18,-1
2023-01-19,-1
2023-01-20,-1
2023-01-21,-1
2023-01-22,-1
2023-01-23,-1
2023-01-24,-1
2023-01-25,-1
2023-01-26,-1
2023-01-27,-1
2023-01-28,30510
2023-01-29,31500
2023-01-30,30556
2023-01-31,30708
2023-02-01,31496
2023-02-02,31273
2023-02-03,31376
2023-02-04,31041
2023-02-05,30728
2023-02-06,30591
2023-02-07,31112
2023-02-08,30854
2023-02-09,29300
2023-02-10,28829
2023-02-11,29072
2023-02-12,29059
2023-02-13,29048
2023-02-14,29588
2023-02-15,32391
2023-02-16,31675
2023-02-17,32982
2023-02-18,32980
2023-02-19,32603
2023-02-20,33329
2023-02-21,32952
2023-02-22,32690
2023-02-23,32403
2023-02-24,31506
2023-02-25,31419
2023-02-26,31953
2023-02-27,31828
2023-02-28,31580
2023-03-01,31954
2023-03-02,31903
2023-03-03,30394
2023-03-04,30311
2023-03-05,30494
2023-03-06,30351
2023-03-07,30277
2023-03-08,30046
2023-03-09,28104
2023-03-10,27780
2023-03-11,27308
2023-03-12,29828
2023-03-13,33076
2023-03-14,33660
2023-03-15,33624
2023-03-16,34269
2023-03-17,37798
2023-03-18,37149
2023-03-19,38615
2023-03-20,38069
2023-03-21,38445
2023-03-22,37366
2023-03-23,38923
2023-03-24,37661
2023-03-25,37490
2023-03-26,38203
2023-03-27,36987
2023-03-28,37062
2023-03-29,38523
2023-03-30,37878
2023-03-31,38690
2023-04-01,38403
2023-04-02,37748
2023-04-03,37561
2023-04-04,37724
2023-04-05,37807
2023-04-06,37838
2023-04-07,37706
2023-04-08,37658
2023-04-09,38315
2023-04-10,39990
2023-04-11,40767
2023-04-12,40124
2023-04-13,40410
2023-04-14,40820
2023-04-15,40749
2023-04-16,40588
2023-04-17,39431
2023-04-18,40579
2023-04-19,39076
2023-04-20,38008
2023-04-21,36905
2023-04-22,37370
2023-04-23,37222
2023-04-24,37125
2023-04-25,38361
2023-04-26,38556
2023-04-27,40021
2023-04-28,39857
2023-04-29,39493
2023-04-30,39765
2023-05-01,38052
2023-05-02,39142
2023-05-03,39757
2023-05-04,38947
2023-05-05,39588
2023-05-06,38593
2023-05-07,38446
2023-05-08,37002
2023-05-09,36880
2023-05-10,37056
2023-05-11,36358
2023-05-12,36186
2023-05-13,36251
2023-05-14,36381
2023-05-15,36793
2023-05-16,36345
2023-05-17,36835
2023-05-18,36259
2023-05-19,36232
2023-05-20,36458
2023-05-21,36085
2023-05-22,36338
2023-05-23,36687
2023-05-24,35746
2023-05-25,36138
2023-05-26,36333
2023-05-27,36416
2023-05-28,38030
2023-05-29,37509
2023-05-30,37742
2023-05-31,36820
2023-06-01,36118
2023-06-02,36640
2023-06-03,36319
2023-06-04,36451
2023-06-05,34551
2023-06-06,36273
2023-06-07,35131
2023-06-08,35447
2023-06-09,35353
2023-06-10,34492
2023-06-11,34566
2023-06-12,34637
2023-06-13,34383
2023-06-14,33345
2023-06-15,33797
2023-06-16,34719
2023-06-17,34934
2023-06-18,34697
2023-06-19,35317
2023-06-20,37279
2023-06-21,39540
2023-06-22,39456
2023-06-23,40149
2023-06-24,40015
2023-06-25,39926
2023-06-26,39665
2023-06-27,40301
2023-06-28,39899
2023-06-29,40293
2023-06-30,40159
2023-07-01,40241
2023-07-02,40127
2023-07-03,41138
2023-07-04,40695
2023-07-05,40360
2023-07-06,40259
2023-07-07,40293
2023-07-08,40028
2023-07-09,40068
2023-07-10,40254
2023-07-11,40486
2023-07-12,40074
2023-07-13,41155
2023-07-14,40006
2023-07-15,39994
2023-07-16,40022
2023-07-17,39842
2023-07-18,39274
2023-07-19,39417
2023-07-20,39237
2023-07-21,39584
2023-07-22,39409
2023-07-23,39682
2023-07-24,38325
2023-07-25,38502
2023-07-26,38847
2023-07-27,38570
2023-07-28,38793
2023-07-29,38852
2023-07-30,38607
2023-07-31,38466
2023-08-01,38933
2023-08-02,38910
2023-08-03,38930
2023-08-04,38724
2023-08-05,38756
2023-08-06,38813
2023-08-07,39024
2023-08-08,39940
2023-08-09,39709
2023-08-10,39562
2023-08-11,39494
2023-08-12,39461
2023-08-13,39374
2023-08-14,39485
2023-08-15,39306
2023-08-16,38975
2023-08-17,36299
2023-08-18,35277
2023-08-19,35220
2023-08-20,35467
2023-08-21,35396
2023-08-22,34972
2023-08-23,35887
2023-08-24,35460
2023-08-25,35424
2023-08-26,35343
2023-08-27,35446
2023-08-28,35331
2023-08-29,37430
2023-08-30,36798
2023-08-31,35203
2023-09-01,34820
2023-09-02,34986
2023-09-03,35237
2023-09-04,34942
2023-09-05,35048
2023-09-06,35037
2023-09-07,35974
2023-09-08,35246
2023-09-09,35202
2023-09-10,35203
2023-09-11,34055
2023-09-12,35088
2023-09-13,35549
2023-09-14,35966
2023-09-15,36183
2023-09-16,36015
2023-09-17,35817
2023-09-18,36183
2023-09-19,36579
2023-09-20,36448
2023-09-21,35813
2023-09-22,35731
2023-09-23,35811
2023-09-24,35609
2023-09-25,35333
2023-09-26,35381
2023-09-27,35448
2023-09-28,36410
2023-09-29,36443
2023-09-30,36658
2023-10-01,37915
2023-10-02,37653
2023-10-03,37464
2023-10-04,38078
2023-10-05,37631
2023-10-06,38271
2023-10-07,38281
2023-10-08,38195
2023-10-09,37533
2023-10-10,37257
2023-10-11,36420
2023-10-12,36625
2023-10-13,36674
2023-10-14,36773
2023-10-15,37076
2023-10-16,38767
2023-10-17,38765
2023-10-18,38902
2023-10-19,39454
2023-10-20,40775
2023-10-21,41195
2023-10-22,41146
2023-10-23,45696
2023-10-24,46858
2023-10-25,47829
2023-10-26,47305
2023-10-27,46883
2023-10-28,47242
2023-10-29,48158
2023-10-30,47757
2023-10-31,48032
2023-11-01,48957
2023-11-02,47892
2023-11-03,47485
2023-11-04,48234
2023-11-05,47951
2023-11-06,48194
2023-11-07,48669
2023-11-08,49455
2023-11-09,50508
2023-11-10,51646
2023-11-11,50939
2023-11-12,51160
2023-11-13,50311
2023-11-14,48868
2023-11-15,51671
2023-11-16,49847
2023-11-17,50026
2023-11-18,50100
2023-11-19,50768
2023-11-20,51426
2023-11-21,49854
2023-11-22,51152
2023-11-23,51145
2023-11-24,51522
2023-11-25,51454
2023-11-26,51371
2023-11-27,50445
2023-11-28,51225
2023-11-29,51272
2023-11-30,51154
2023-12-01,52143
2023-12-02,52947
2023-12-03,53996
2023-12-04,56783
2023-12-05,60219
2023-12-06,59479
2023-12-07,58534
2023-12-08,60221
2023-12-09,60069
2023-12-10,59547
2023-12-11,56068
2023-12-12,56184
2023-12-13,58096
2023-12-14,57495
2023-12-15,56409
2023-12-16,56672
2023-12-17,55760
2023-12-18,56909
2023-12-19,56562
2023-12-20,58332
2023-12-21,58283
2023-12-22,58506
2023-12-23,58545
2023-12-24,57360
2023-12-25,58246
2023-12-26,56216
2023-12-27,57402
2023-12-28,56461
2023-12-29,55256
2023-12-30,55798
2023-12-31,56053
2024-01-01,57474
2024-01-02,59957
2024-01-03,57210
2024-01-04,59402
2024-01-05,58865
2024-01-06,58796
2024-01-07,58682
2024-01-08,62816
2024-01-09,62100
2024-01-10,62937
2024-01-11,62235
2024-01-12,57140
2024-01-13,57846
2024-01-14,56787
2024-01-15,57200
2024-01-16,58397
2024-01-17,57589
2024-01-18,55858
2024-01-19,56148
2024-01-20,56193
2024-01-21,56073
2024-01-22,53700
2024-01-23,53131
2024-01-24,53898
2024-01-25,53928
2024-01-26,56427
2024-01-27,56845
2024-01-28,56218
2024-01-29,57966
2024-01-30,58145
2024-01-31,57324
2024-02-01,57518
2024-02-02,58164
2024-02-03,58030
2024-02-04,57351
2024-02-05,57540
2024-02-06,58245
2024-02-07,59345
2024-02-08,61031
2024-02-09,63499
2024-02-10,64197
2024-02-11,64640
2024-02-12,67219
2024-02-13,67041
2024-02-14,70141
2024-02-15,69500
2024-02-16,70233
2024-02-17,70078
2024-02-18,70719
2024-02-19,70265
2024-02-20,70639
2024-02-21,69461
2024-02-22,69364
2024-02-23,68516
2024-02-24,69155
2024-02-25,69445
2024-02-26,73847
2024-02-27,76994
2024-02-28,83077
2024-02-29,83155
2024-03-01,84641
2024-03-02,83163
2024-03-03,82291
2024-03-04,92010
2024-03-05,86163
2024-03-06,89170
2024-03-07,90505
2024-03-08,92157
2024-03-09,91842
2024-03-10,91750
2024-03-11,97595
2024-03-12,95840
2024-03-13,98392
2024-03-14,96806
2024-03-15,93317
2024-03-16,89647
2024-03-17,92491
2024-03-18,91500
2024-03-19,85094
2024-03-20,91545
2024-03-21,88634
2024-03-22,85750
2024-03-23,87753
2024-03-24,89212
2024-03-25,94946
2024-03-26,94150
2024-03-27,93622
2024-03-28,96100
2024-03-29,94732
2024-03-30,95022
2024-03-31,96210
2024-04-01,94613
2024-04-02,89470
2024-04-03,89674
2024-04-04,92153
2024-04-05,92159
2024-04-06,93974
2024-04-07,94113
2024-04-08,97591
2024-04-09,94326
2024-04-10,96030
2024-04-11,96177
2024-04-12,93004
2024-04-13,90460
2024-04-14,90517
2024-04-15,87571
2024-04-16,88264
2024-04-17,85013
2024-04-18,87664
2024-04-19,88299
2024-04-20,89377
2024-04-21,89688
2024-04-22,91909
2024-04-23,90513
2024-04-24,87940
2024-04-25,88318
2024-04-26,87359
2024-04-27,87387
2024-04-28,86489
2024-04-29,87304
2024-04-30,83566
2024-05-01,79396
2024-05-02,81353
2024-05-03,86198
2024-05-04,87203
2024-05-05,87337
2024-05-06,86830
2024-05-07,86520
2024-05-08,84128
2024-05-09,86660
2024-05-10,83508
2024-05-11,83757
2024-05-12,84131
2024-05-13,85974
2024-05-14,84378
2024-05-15,89857
2024-05-16,89020
2024-05-17,90983
2024-05-18,90849
2024-05-19,90351
2024-05-20,94757
2024-05-21,95446
2024-05-22,94665
2024-05-23,92986
2024-05-24,94233
2024-05-25,94938
2024-05-26,93940
2024-05-27,94931
2024-05-28,93510
2024-05-29,92938
2024-05-30,93566
2024-05-31,92150
2024-06-01,92593
2024-06-02,92664
2024-06-03,94055
2024-06-04,96237
2024-06-05,97151
2024-06-06,96865
2024-06-07,95533
2024-06-08,95506
2024-06-09,95577
2024-06-10,95569
2024-06-11,92744
2024-06-12,93706
2024-06-13,91935
2024-06-14,90750
2024-06-15,90967
2024-06-16,91470
2024-06-17,91310
2024-06-18,89543
2024-06-19,89079
2024-06-20,89015
2024-06-21,87803
2024-06-22,88019
2024-06-23,86774
2024-06-24,81770
2024-06-25,84570
2024-06-26,83438
2024-06-27,84545
2024-06-28,82592
2024-06-29,83372
2024-06-30,85793
2024-07-01,86306
2024-07-02,84777
2024-07-03,82195
2024-07-04,79107
2024-07-05,77517
2024-07-06,79693
2024-07-07,77104
2024-07-08,77346
2024-07-09,79052
2024-07-10,78618
2024-07-11,78211
2024-07-12,78959
2024-07-13,81169
2024-07-14,83157
2024-07-15,88193
2024-07-16,88720
2024-07-17,87983
2024-07-18,87747
2024-07-19,91604
2024-07-20,92031
2024-07-21,93000
2024-07-22,92856
2024-07-23,90409
2024-07-24,90113
2024-07-25,90865
2024-07-26,93919
2024-07-27,94602
2024-07-28,93863
2024-07-29,93053
2024-07-30,91757
2024-07-31,89797
2024-08-01,90457
2024-08-02,85293
2024-08-03,84132
2024-08-04,81479
2024-08-05,75610
2024-08-06,77685
2024-08-07,76147
2024-08-08,85883
2024-08-09,83652
2024-08-10,83972
2024-08-11,81193
2024-08-12,81314
2024-08-13,83105
2024-08-14,80993
2024-08-15,79264
2024-08-16,80876
2024-08-17,81220
2024-08-18,81305
2024-08-19,80945
2024-08-20,80981
2024-08-21,82896
2024-08-22,82317
2024-08-23,86565
2024-08-24,86338
2024-08-25,87046
2024-08-26,84824
2024-08-27,80139
2024-08-28,79894
2024-08-29,79968
2024-08-30,79935
2024-08-31,79530
2024-09-01,77283
2024-09-02,79976
2024-09-03,78371
2024-09-04,78589
2024-09-05,75785
2024-09-06,72771
2024-09-07,73231
2024-09-08,74139
2024-09-09,77623
2024-09-10,78384
2024-09-11,77951
2024-09-12,79029
2024-09-13,82504
2024-09-14,81685
2024-09-15,80776
2024-09-16,78831
2024-09-17,81926
2024-09-18,82665
2024-09-19,85417
2024-09-20,85606
2024-09-21,85660
2024-09-22,86549
2024-09-23,85441
2024-09-24,86544
2024-09-25,85405
2024-09-26,87622
2024-09-27,89355
2024-09-28,89004
2024-09-29,88802
2024-09-30,85995
2024-10-01,82050
2024-10-02,82218
2024-10-03,82623
2024-10-04,84612
2024-10-05,84348
2024-10-06,85000
2024-10-07,85076
2024-10-08,84677
2024-10-09,83291
2024-10-10,82620
2024-10-11,85858
2024-10-12,87000
2024-10-13,86397
2024-10-14,90769
2024-10-15,91698
2024-10-16,93096
2024-10-17,92733
2024-10-18,93875
2024-10-19,94105
2024-10-20,95184
2024-10-21,93599
2024-10-22,93486
2024-10-23,91902
2024-10-24,94369
2024-10-25,92274
2024-10-26,93167
2024-10-27,94439
2024-10-28,96673
2024-10-29,100982
2024-10-30,100575
2024-10-31,97883
2024-11-01,96845
2024-11-02,96743
2024-11-03,95980
2024-11-04,94770
2024-11-05,95913
2024-11-06,105140
2024-11-07,104860
2024-11-08,106042
2024-11-09,105979
2024-11-10,111027
2024-11-11,117647
2024-11-12,122433
2024-11-13,124863
2024-11-14,122283
2024-11-15,127295
2024-11-16,126621
2024-11-17,124950
2024-11-18,127581
2024-11-19,128407
2024-11-20,131691
2024-11-21,136380
2024-11-22,137653
2024-11-23,135909
2024-11-24,136418
2024-11-25,131951
2024-11-26,128766
2024-11-27,134508
2024-11-28,133847
2024-11-29,136685
2024-11-30,135257
2024-12-01,136305
2024-12-02,133291
2024-12-03,135000
2024-12-04,138233
2024-12-05,135486
2024-12-06,142320
2024-12-07,141272
2024-12-08,141999
2024-12-09,137696
2024-12-10,137582
2024-12-11,143335
2024-12-12,142706
2024-12-13,144288
2024-12-14,144032
2024-12-15,146803
2024-12-16,150198
2024-12-17,151849
2024-12-18,146189
2024-12-19,141473
2024-12-20,140248
2024-12-21,139766
2024-12-22,137335
2024-12-23,137039
2024-12-24,141883
2024-12-25,142414
2024-12-26,138369
2024-12-27,136154
2024-12-28,137741
2024-12-29,135039
2024-12-30,133283
2024-12-31,134114
2025-01-01,135702
2025-01-02,139052
2025-01-03,141499
2025-01-04,141589
2025-01-05,140500
2025-01-06,145999
2025-01-07,139654
2025-01-08,136976
2025-01-09,133288
2025-01-10,136901
2025-01-11,136840
2025-01-12,136063
2025-01-13,135756
2025-01-14,138520
2025-01-15,142810
2025-01-16,143002
2025-01-17,150805
2025-01-18,150764
2025-01-19,149615
2025-01-20,148004
2025-01-21,151654
2025-01-22,149655
2025-01-23,149206
2025-01-24,149652
2025-01-25,150174
2025-01-26,149683
2025-01-27,145786
2025-01-28,145674
2025-01-29,149322
2025-01-30,152184
2025-01-31,148725
2025-02-01,146259
2025-02-02,144297
2025-02-03,147086
2025-02-04,139996
2025-02-05,138329
2025-02-06,138664
2025-02-07,137411
2025-02-08,137689
2025-02-09,136917
2025-02-10,139536
2025-02-11,136510
2025-02-12,139787
2025-02-13,137018
2025-02-14,137677
2025-02-15,138045
2025-02-16,137019
2025-02-17,135889
2025-02-18,134910
2025-02-19,137434
2025-02-20,139127
2025-02-21,136700
2025-02-22,137908
2025-02-23,136350
2025-02-24,132333
2025-02-25,127139
2025-02-26,121254
2025-02-27,121859
2025-02-28,121723
2025-03-01,124436
2025-03-02,136606
2025-03-03,125778
2025-03-04,125684
2025-03-05,129660
2025-03-06,129300
2025-03-07,124732
2025-03-08,124055
2025-03-09,115617
2025-03-10,114869
2025-03-11,119444
2025-03-12,120356
2025-03-13,116794
2025-03-14,121417
2025-03-15,121110
2025-03-16,117800
2025-03-17,120106
2025-03-18,117943
2025-03-19,123442
2025-03-20,120410
2025-03-21,120867
2025-03-22,120548
2025-03-23,122415
2025-03-24,125090
2025-03-25,125277
2025-03-26,124503
2025-03-27,125152
2025-03-28,120874
2025-03-29,117897
2025-03-30,118058
2025-03-31,118288
2025-04-01,121150
2025-04-02,117674
2025-04-03,116546
2025-04-04,119639
2025-04-05,118243
2025-04-06,111004
2025-04-07,114090
2025-04-08,109343
2025-04-09,117050
2025-04-10,111321
2025-04-11,115526
2025-04-12,118275
2025-04-13,115304
2025-04-14,117508
2025-04-15,116960
2025-04-16,117015
2025-04-17,117450
2025-04-18,117284
2025-04-19,117540
2025-04-20,116345
2025-04-21,120021
2025-04-22,127446
2025-04-23,129797
2025-04-24,129512
2025-04-25,131330
2025-04-26,131134
2025-04-27,130285
2025-04-28,130915
2025-04-29,130547
2025-04-30,129722
2025-05-01,133393
2025-05-02,133606
2025-05-03,133155
2025-05-04,131305
2025-05-05,131353
2025-05-06,132257
2025-05-07,134498
2025-05-08,143170
2025-05-09,143042
2025-05-10,144402
2025-05-11,144512
2025-05-12,143483
2025-05-13,145003
2025-05-14,144892
2025-05-15,144467
2025-05-16,144516
2025-05-17,144371
2025-05-18,147985
2025-05-19,147295
2025-05-20,148592
2025-05-21,150637
2025-05-22,153901
2025-05-23,148010
2025-05-24,148619
2025-05-25,149897
2025-05-26,150139
2025-05-27,150283
2025-05-28,148840
2025-05-29,146465
2025-05-30,143090
2025-05-31,144183
2025-06-01,145192
2025-06-02,144925
2025-06-03,145249
2025-06-04,143367
2025-06-05,138292
2025-06-06,143079
2025-06-07,145095
2025-06-08,144630
2025-06-09,150718
2025-06-10,149787
2025-06-11,148064
2025-06-12,144166
2025-06-13,143891
2025-06-14,143266
2025-06-15,142926
2025-06-16,146080
2025-06-17,142571
2025-06-18,143609
2025-06-19,143368
2025-06-20,141771
2025-06-21,140166
2025-06-22,138980
2025-06-23,145149
2025-06-24,145443
2025-06-25,147318
2025-06-26,145969
2025-06-27,146672
2025-06-28,147001
2025-06-29,148128
2025-06-30,145676
2025-07-01,144003
2025-07-02,148099
2025-07-03,148600
2025-07-04,146941
2025-07-05,146762
2025-07-06,148073
2025-07-07,147486
2025-07-08,148700
2025-07-09,152369
2025-07-10,157787
2025-07-11,160529
2025-07-12,160210
2025-07-13,162214
2025-07-14,163969
2025-07-15,161563
2025-07-16,162537
2025-07-17,164799
2025-07-18,161538
2025-07-19,161670
2025-07-20,161431
2025-07-21,160819
2025-07-22,163113
2025-07-23,160889
2025-07-24,161372
2025-07-25,160544
2025-07-26,161753
2025-07-27,163621
2025-07-28,161861
2025-07-29,162189
2025-07-30,162258
2025-07-31,160923
2025-08-01,155979
2025-08-02,155646
2025-08-03,157561
2025-08-04,158791
2025-08-05,156984
2025-08-06,158260
2025-08-07,161513
2025-08-08,160603
2025-08-09,158863
2025-08-10,161075
2025-08-11,163592
2025-08-12,164506
2025-08-13,169498
2025-08-14,163423
2025-08-15,162350
2025-08-16,162482
2025-08-17,163005
2025-08-18,160723
2025-08-19,156961
2025-08-20,159172
2025-08-21,156528
2025-08-22,161437
2025-08-23,159268
2025-08-24,156862
2025-08-25,152785
2025-08-26,154919
2025-08-27,153594
2025-08-28,154375
2025-08-29,149256
2025-08-30,149367
2025-08-31,149794
2025-09-01,149255
2025-09-02,153311
2025-09-03,154414
2025-09-04,154087
2025-09-05,153189
2025-09-06,152348
2025-09-07,153895
2025-09-08,154918
2025-09-09,154438
2025-09-10,157765
2025-09-11,159227
2025-09-12,160599
2025-09-13,160352
2025-09-14,160453
2025-09-15,158880
2025-09-16,160322
2025-09-17,160680
2025-09-18,161690
2025-09-19,159465
2025-09-20,159763
2025-09-21,159444
2025-09-22,155962
2025-09-23,155282
2025-09-24,157651
2025-09-25,152674
2025-09-26,152964
2025-09-27,153181
2025-09-28,156286
2025-09-29,158978
2025-09-30,158685
2025-10-01,164000
2025-10-02,167781
2025-10-03,170844
2025-10-04,170332
2025-10-05,171887
2025-10-06,174242
2025-10-07,170321
2025-10-08,171877
2025-10-09,170596
2025-10-10,161561
2025-10-11,156566
2025-10-12,162178
2025-10-13,162684
2025-10-14,159074
2025-10-15,155690
2025-10-16,151600
2025-10-17,150303
2025-10-18,150499
2025-10-19,153186
2025-10-20,155717
2025-10-21,153083
2025-10-22,150026
2025-10-23,153645
2025-10-24,155448
2025-10-25,156206
2025-10-26,160415
2025-10-27,159644
2025-10-28,157994
2025-10-29,155016
2025-10-30,151105
2025-10-31,153571
2025-11-01,154271
2025-11-02,154040
2025-11-03,149680
2025-11-04,142874
2025-11-05,146335
2025-11-06,143087
2025-11-07,145644
2025-11-08,144275
2025-11-09,147398
2025-11-10,148771
2025-11-11,144484
2025-11-12,142988
2025-11-13,140253
2025-11-14,133528
2025-11-15,134097
2025-11-16,132193
2025-11-17,129533
2025-11-18,130246
2025-11-19,127135
2025-11-20,124158
2025-11-21,118916
2025-11-22,120040
2025-11-23,124328
2025-11-24,125129
2025-11-25,123624
2025-11-26,126985
2025-11-27,128162
2025-11-28,127472
2025-11-29,127009
2025-11-30,127569
2025-12-01,121223
2025-12-02,128391
2025-12-03,130863
2025-12-04,129005
2025-12-05,123535
2025-12-06,123560
2025-12-07,124017
2025-12-08,125784
2025-12-09,128681
2025-12-10,127791
2025-12-11,127280
2025-12-12,124632
2025-12-13,124312
2025-12-14,121923
2025-12-15,118827
2025-12-16,120793
2025-12-17,119051
2025-12-18,117984
2025-12-19,121919
2025-12-20,121787
2025-12-21,122051
2025-12-22,121879
2025-12-23,119623
2025-12-24,120421
2025-12-25,119952
2025-12-26,119635
2025-12-27,119719
2025-12-28,120116
2025-12-29,119478
2025-12-30,120990
2025-12-31,120141
2026-01-01,121254
2026-01-02,123371
2026-01-03,123675
2026-01-04,125026
2026-01-05,129108
2026-01-06,128579
2026-01-07,126032
2026-01-08,126202
2026-01-09,125938
2026-01-10,125687
2026-01-11,125754
2026-01-12,126448
2026-01-13,132800
2026-01-14,134436
2026-01-15,132742
2026-01-16,132896
2026-01-17,132343
2026-01-18,132738
2026-01-19,128364
2026-01-20,122364
2026-01-21,124234
2026-01-22,123159
2026-01-23,122769
2026-01-24,122438
2026-01-25,118505
2026-01-26,120762
2026-01-27,121064
2026-01-28,121089
2026-01-29,114067
2026-01-30,114576
2026-01-31,106531
2026-02-01,105165
2026-02-02,107740
2026-02-03,103259
2026-02-04,98965
2026-02-05,87500
2026-02-06,97683
2026-02-07,95013
2026-02-08,97142
2026-02-09,95458
2026-02-10,93158
2026-02-11,91537
2026-02-12,90183
2026-02-13,93985
2026-02-14,95396
2026-02-15,93857
2026-02-16,93572
2026-02-17,92110
2026-02-18,90981
2026-02-19,91527
2026-02-20,93118
2026-02-21,93095
2026-02-22,92686
2026-02-23,88782
2026-02-24,87869
2026-02-25,93632
2026-02-26,92553
2026-02-27,89713
2026-02-28,91754
2026-03-01,89093
2026-03-02,94908
2026-03-03,93403
2026-03-04,99256
2026-03-05,97544
2026-03-06,93008
2026-03-07,91463
2026-03-08,90266
2026-03-09,93314
2026-03-10,94828
2026-03-11,95850
2026-03-12,95775
2026-03-13,97213
2026-03-14,97147
2026-03-15,99671
2026-03-16,102281
2026-03-17,101837
2026-03-18,97749
2026-03-19,96409
2026-03-20,97228
2026-03-21,96571
2026-03-22,93837
2026-03-23,97162
2026-03-24,96859
2026-03-25,98582
2026-03-26,95528
2026-03-27,91820
2026-03-28,92806
2026-03-29,91532
2026-03-30,93060
2026-03-31,94891
2026-04-01,94586
2026-04-02,93355
2026-04-03,93404
2026-04-04,94146
2026-04-05,95418
2026-04-06,95869
2026-04-07,99054
2026-04-08,98505
2026-04-09,99457
2026-04-10,101004
2026-04-11,101662
2026-04-12,98468
2026-04-13,102909
2026-04-14,102077
2026-04-15,103099
2026-04-16,102631
2026-04-17,105959
2026-04-18,103921
2026-04-19,101611
2026-04-20,103629
2026-04-21,103463
2026-04-22,107550
2026-04-23,106680
2026-04-24,105762
2026-04-25,106064
2026-04-26,107112
2026-04-27,105007
2026-04-28,104320
2026-04-29,103957
2026-04-30,103593
2026-05-01,106287
2026-05-02,107202
2026-05-03,107552
2026-05-04,109103
2026-05-05,110444
2026-05-06,110974
2026-05-07,109264
2026-05-08,109864
2026-05-09,110558
2026-05-10,112575
2026-05-11,111935
2026-05-12,110431
2026-05-13,108839
2026-05-14,111704
2026-05-15,108806
2026-05-16,107359
2026-05-17,107281
2026-05-18,105898
2026-05-19,105378
2026-05-20,106482
2026-05-21,106823
2026-05-22,104569
2026-05-23,105820
2026-05-24,105915
2026-05-25,106370
2026-05-26,104466
2026-05-27,102883
2026-05-28,101131
2026-05-29,101311
2026-05-30,101880
2026-05-31,102128
2026-06-01,98779
2026-06-02,91752
2026-06-03,90119
2026-06-04,88577
2026-06-05,85903
2026-06-06,84467
2026-06-07,87692
2026-06-08,88570
2026-06-09,86062
2026-06-10,85543
2026-06-11,88620
2026-06-12,88894
2026-06-13,90162
2026-06-14,91354
2026-06-15,92674
2026-06-16,92042
2026-06-17,90626
2026-06-18,88856
2026-06-19,89651
2026-06-20,90973
2026-06-21,90403
2026-06-22,90484
2026-06-23,88888
2026-06-24,86563
2026-06-25,84861
2026-06-26,85207
2026-06-27,85401
2026-06-28,83773
2026-06-29,85673
2026-06-30,83157
2026-07-01,85997
2026-07-02,87170
2026-07-03,88873
2026-07-04,89697
2026-07-05,89349
