date,close_JPY
2010-07-19,-1
2010-07-26,-1
2010-08-02,-1
2010-08-09,-1
2010-08-16,-1
2010-08-23,-1
2010-08-30,-1
2010-09-06,-1
2010-09-13,-1
2010-09-20,-1
2010-09-27,-1
2010-10-04,-1
2010-10-11,-1
2010-10-18,-1
2010-10-25,-1
2010-11-01,-1
2010-11-08,-1
2010-11-15,-1
2010-11-22,-1
2010-11-29,-1
2010-12-06,-1
2010-12-13,-1
2010-12-20,-1
2010-12-27,-1
2011-01-03,-1
2011-01-10,-1
2011-01-17,-1
2011-01-24,-1
2011-01-31,-1
2011-02-07,-1
2011-02-14,-1
2011-02-21,-1
2011-02-28,-1
2011-03-07,-1
2011-03-14,-1
2011-03-21,-1
2011-03-28,-1
2011-04-04,-1
2011-04-11,-1
2011-04-18,-1
2011-04-25,-1
2011-05-02,-1
2011-05-09,-1
2011-05-16,-1
2011-05-23,-1
2011-05-30,-1
2011-06-06,-1
2011-06-13,-1
2011-06-20,-1
2011-06-27,-1
2011-07-04,-1
2011-07-11,-1
2011-07-18,-1
2011-07-25,-1
2011-08-01,-1
2011-08-08,-1
2011-08-15,-1
2011-08-22,-1
2011-08-29,-1
2011-09-05,-1
2011-09-12,-1
2011-09-19,-1
2011-09-26,-1
2011-10-03,-1
2011-10-10,-1
2011-10-17,-1
2011-10-24,-1
2011-10-31,-1
2011-11-07,-1
2011-11-14,-1
2011-11-21,-1
2011-11-28,-1
2011-12-05,-1
2011-12-12,-1
2011-12-19,-1
2011-12-26,-1
2012-01-02,-1
2012-01-09,-1
2012-01-16,-1
2012-01-23,-1
2012-01-30,-1
2012-02-06,-1
2012-02-13,-1
2012-02-20,-1
2012-02-27,-1
2012-03-05,-1
2012-03-12,-1
2012-03-19,-1
2012-03-26,-1
2012-04-02,-1
2012-04-09,-1
2012-04-16,-1
2012-04-23,-1
2012-04-30,-1
2012-05-07,-1
2012-05-14,-1
2012-05-21,-1
2012-05-28,-1
2012-06-04,-1
2012-06-11,-1
2012-06-18,-1
2012-06-25,-1
2012-07-02,-1
2012-07-09,-1
2012-07-16,-1
2012-07-23,-1
2012-07-30,-1
2012-08-06,-1
2012-08-13,-1
2012-08-20,-1
2012-08-27,-1
2012-09-03,-1
2012-09-10,-1
2012-09-17,-1
2012-09-24,-1
2012-10-01,-1
2012-10-08,-1
2012-10-15,-1
2012-10-22,-1
2012-10-29,-1
2012-11-05,-1
2012-11-12,-1
2012-11-19,-1
2012-11-26,-1
2012-12-03,-1
2012-12-10,-1
2012-12-17,-1
2012-12-24,-1
2012-12-31,-1
2013-01-07,-1
2013-01-14,-1
2013-01-21,-1
2013-01-28,-1
2013-02-04,-1
2013-02-11,-1
2013-02-18,-1
2013-02-25,-1
2013-03-04,-1
2013-03-11,-1
2013-03-18,-1
2013-03-25,-1
2013-04-01,-1
2013-04-08,-1
2013-04-15,-1
2013-04-22,-1
2013-04-29,-1
2013-05-06,-1
2013-05-13,-1
2013-05-20,-1
2013-05-27,-1
2013-06-03,-1
2013-06-10,-1
2013-06-17,-1
2013-06-24,-1
2013-07-01,-1
2013-07-08,-1
2013-07-15,-1
2013-07-22,-1
2013-07-29,-1
2013-08-05,-1
2013-08-12,-1
2013-08-19,-1
2013-08-26,-1
2013-09-02,-1
2013-09-09,-1
2013-09-16,-1
2013-09-23,-1
2013-09-30,-1
2013-10-03,-1
2013-10-10,-1
2013-10-17,-1
2013-10-24,-1
2013-10-31,-1
2013-11-07,-1
2013-11-14,-1
2013-11-21,-1
2013-11-28,-1
2013-12-05,-1
2013-12-12,-1
2013-12-19,-1
2013-12-26,-1
2014-01-02,-1
2014-01-09,-1
2014-01-16,-1
2014-01-23,-1
2014-01-30,-1
2014-02-06,-1
2014-02-13,-1
2014-02-20,-1
2014-02-27,-1
2014-03-06,-1
2014-03-13,-1
2014-03-20,-1
2014-03-27,-1
2014-04-03,-1
2014-04-10,-1
2014-04-17,-1
2014-04-24,-1
2014-05-01,-1
2014-05-08,-1
2014-05-15,-1
2014-05-22,-1
2014-05-29,-1
2014-06-05,-1
2014-06-12,-1
2014-06-19,-1
2014-06-26,-1
2014-07-03,-1
2014-07-10,-1
2014-07-17,-1
2014-07-24,-1
2014-07-31,-1
2014-08-07,-1
2014-08-14,-1
2014-08-21,-1
2014-08-28,-1
2014-09-04,-1
2014-09-11,-1
2014-09-18,-1
2014-09-25,-1
2014-10-02,-1
2014-10-09,-1
2014-10-16,-1
2014-10-23,-1
2014-10-30,-1
2014-11-06,48849
2014-11-13,44970
2014-11-20,45488
2014-11-27,47348
2014-12-04,43709
2014-12-11,39282
2014-12-18,40598
2014-12-25,38880
2015-01-01,35268
2015-01-08,23411
2015-01-15,25613
2015-01-22,30840
2015-01-29,27145
2015-02-05,27204
2015-02-12,28914
2015-02-19,28998
2015-02-26,36000
2015-03-05,36400
2015-03-12,35000
2015-03-19,33450
2015-03-26,31400
2015-04-02,30500
2015-04-09,26500
2015-04-16,28243
2015-04-23,27300
2015-04-30,29186
2015-05-07,28600
2015-05-14,28649
2015-05-21,29708
2015-05-28,28936
2015-06-04,29699
2015-06-11,30776
2015-06-18,30699
2015-06-25,33000
2015-07-02,33000
2015-07-09,36984
2015-07-16,34000
2015-07-23,35937
2015-07-30,36154
2015-08-06,34983
2015-08-13,29896
2015-08-20,27421
2015-08-27,27774
2015-09-03,28848
2015-09-10,27592
2015-09-17,27749
2015-09-24,28495
2015-10-01,29438
2015-10-08,30158
2015-10-15,31977
2015-10-22,36491
2015-10-29,56000
2015-11-05,38400
2015-11-12,41201
2015-11-19,39220
2015-11-26,44490
2015-12-03,50688
2015-12-10,54738
2015-12-17,60000
2015-12-24,53000
2015-12-31,51985
2016-01-07,50350
2016-01-14,44796
2016-01-21,47000
2016-01-28,40000
2016-02-04,43524
2016-02-11,47905
2016-02-18,46999
2016-02-25,47988
2016-03-03,46743
2016-03-10,47234
2016-03-17,47089
2016-03-24,47500
2016-03-31,46670
2016-04-07,46404
2016-04-14,48478
2016-04-21,50130
2016-04-28,47617
2016-05-05,49300
2016-05-12,49898
2016-05-19,49305
2016-05-26,58997
2016-06-02,62345
2016-06-09,73551
2016-06-16,62669
2016-06-23,67367
2016-06-30,68810
2016-07-07,69505
2016-07-14,71909
2016-07-21,70300
2016-07-28,60076
2016-08-04,66000
2016-08-11,57609
2016-08-18,59097
2016-08-25,59783
2016-09-01,62537
2016-09-08,62993
2016-09-15,59652
2016-09-22,60400
2016-09-29,63342
2016-10-06,66661
2016-10-13,65750
2016-10-20,72191
2016-10-27,76958
2016-11-03,76163
2016-11-10,80486
2016-11-17,83170
2016-11-24,87083
2016-12-01,90822
2016-12-08,91576
2016-12-15,99000
2016-12-22,115983
2016-12-29,135658
2017-01-05,94563
2017-01-12,104989
2017-01-19,103139
2017-01-26,112140
2017-02-02,120039
2017-02-09,117000
2017-02-16,129730
2017-02-23,141661
2017-03-02,140917
2017-03-09,144079
2017-03-16,117223
2017-03-23,116799
2017-03-30,126780
2017-04-06,134000
2017-04-13,135319
2017-04-20,144453
2017-04-27,167044
2017-05-04,210371
2017-05-11,209495
2017-05-18,284116
2017-05-25,266000
2017-06-01,297500
2017-06-08,285125
2017-06-15,298585
2017-06-22,289381
2017-06-29,297016
2017-07-06,269562
2017-07-13,256125
2017-07-20,282296
2017-07-27,299687
2017-08-03,374307
2017-08-10,486000
2017-08-17,455913
2017-08-24,512000
2017-08-31,515000
2017-09-07,427902
2017-09-14,440673
2017-09-21,465983
2017-09-28,476663
2017-10-05,538061
2017-10-12,635984
2017-10-19,645975
2017-10-26,756708
2017-11-02,860852
2017-11-09,825000
2017-11-16,918497
2017-11-23,1119560
2017-11-30,1569990
2017-12-07,1942300
2017-12-14,2055250
2017-12-21,1812520
2017-12-28,1740130
2018-01-04,1738430
2018-01-11,1400000
2018-01-18,1225000
2018-01-25,1088590
2018-02-01,850000
2018-02-08,1028380
2018-02-15,1145350
2018-02-22,1100000
2018-03-01,1099320
2018-03-08,900000
2018-03-15,984130
2018-03-22,846627
2018-03-29,742000
2018-04-05,740016
2018-04-12,871266
2018-04-19,959656
2018-04-26,1000830
2018-05-03,1008980
2018-05-10,912210
2018-05-17,823396
2018-05-24,791728
2018-05-31,826804
2018-06-07,701015
2018-06-14,732420
2018-06-21,682697
2018-06-28,744716
2018-07-05,707041
2018-07-12,825397
2018-07-19,893115
2018-07-26,906800
2018-08-02,698822
2018-08-09,659292
2018-08-16,730462
2018-08-23,789216
2018-08-30,772080
2018-09-06,713858
2018-09-13,715139
2018-09-20,633082
2018-09-27,713000
2018-10-04,730179
2018-10-11,745313
2018-10-18,724011
2018-10-25,712869
2018-11-01,737983
2018-11-08,643807
2018-11-15,497070
2018-11-22,490038
2018-11-29,441441
2018-12-06,404474
2018-12-13,410000
2018-12-20,463651
2018-12-27,410173
2019-01-03,447359
2019-01-10,390498
2019-01-17,392530
2019-01-24,378381
2019-01-31,372990
2019-02-07,399469
2019-02-14,438303
2019-02-21,415257
2019-02-28,429045
2019-03-07,435208
2019-03-14,444402
2019-03-21,442119
2019-03-28,549181
2019-04-04,586000
2019-04-11,566483
2019-04-18,607705
2019-04-25,601530
2019-05-02,644000
2019-05-09,982468
2019-05-16,863088
2019-05-23,940369
2019-05-30,823564
2019-06-06,891202
2019-06-13,982829
2019-06-20,1389260
2019-06-27,1243700
2019-07-04,1280270
2019-07-11,1060250
2019-07-18,1052510
2019-07-25,1077990
2019-08-01,1234470
2019-08-08,1031750
2019-08-15,1031000
2019-08-22,1020520
2019-08-29,1113930
2019-09-05,944999
2019-09-12,720000
2019-09-19,723685
2019-09-26,822235
2019-10-03,912834
2019-10-10,870308
2019-10-17,807629
2019-10-24,991860
2019-10-31,1005680
2019-11-07,954055
2019-11-14,878584
2019-11-21,840927
2019-11-28,781578
2019-12-05,781312
2019-12-12,805796
2019-12-19,800515
2019-12-26,787886
2020-01-02,866056
2020-01-09,964404
2020-01-16,954035
2020-01-23,1025070
2020-01-30,1061620
2020-02-06,1141540
2020-02-13,1073580
2020-02-20,974127
2020-02-27,943291
2020-03-05,835875
2020-03-12,573647
2020-03-19,746101
2020-03-26,718713
2020-04-02,804810
2020-04-09,722222
2020-04-16,759475
2020-04-23,941510
2020-04-30,985386
2020-05-07,999999
2020-05-14,1032840
2020-05-21,986810
2020-05-28,1039140
2020-06-04,1056900
2020-06-11,1003000
2020-06-18,996359
2020-06-25,994900
2020-07-02,1008230
2020-07-09,992290
2020-07-16,1016720
2020-07-23,1176110
2020-07-30,1214830
2020-08-06,1233490
2020-08-13,1262100
2020-08-20,1203450
2020-08-27,1200000
2020-09-03,1080000
2020-09-10,1152300
2020-09-17,1079570
2020-09-24,1134750
2020-10-01,1128100
2020-10-08,1193490
2020-10-15,1355490
2020-10-22,1393180
2020-10-29,1484170
2020-11-05,1672870
2020-11-12,1843240
2020-11-19,1935710
2020-11-26,1974370
2020-12-03,1941980
2020-12-10,2197000
2020-12-17,2408340
2020-12-24,2974780
2020-12-31,3790000
2021-01-07,3885050
2021-01-14,3664710
2021-01-21,3166320
2021-01-28,3953570
2021-02-04,4737430
2021-02-11,5538460
2021-02-18,5252000
2021-02-25,5451270
2021-03-04,6149500
2021-03-11,6392250
2021-03-18,5752630
2021-03-25,6514590
2021-04-01,6148360
2021-04-08,6847470
2021-04-15,5837680
2021-04-22,5947660
2021-04-29,6270060
2021-05-06,5409090
2021-05-13,4083400
2021-05-20,4288200
2021-05-27,4126920
2021-06-03,4096110
2021-06-10,4245920
2021-06-17,3736220
2021-06-24,3892750
2021-07-01,3745810
2021-07-08,3623780
2021-07-15,3536130
2021-07-22,4396990
2021-07-29,4349560
2021-08-05,5040250
2021-08-12,4936580
2021-08-19,5377480
2021-08-26,5365890
2021-09-02,5078130
2021-09-09,5271440
2021-09-16,4783220
2021-09-23,4610210
2021-09-30,6157960
2021-10-07,6493010
2021-10-14,7561500
2021-10-21,6666900
2021-10-28,7191460
2021-11-04,7396870
2021-11-11,6892440
2021-11-18,6600780
2021-11-25,6474000
2021-12-02,5756720
2021-12-09,5583540
2021-12-16,5550700
2021-12-23,5331950
2021-12-30,5064180
2022-01-06,5023710
2022-01-13,4767870
2022-01-20,4211750
2022-01-27,4226870
2022-02-03,5149670
2022-02-10,5061530
2022-02-17,4290130
2022-02-24,5104830
2022-03-03,4866010
2022-03-10,4892630
2022-03-17,5211380
2022-03-24,5766280
2022-03-31,5372840
2022-04-07,5177340
2022-04-14,5293710
2022-04-21,5032120
2022-04-28,5146370
2022-05-05,3772820
2022-05-12,3680000
2022-05-19,3791400
2022-05-26,3894770
2022-06-02,4087250
2022-06-09,3026870
2022-06-16,2711640
2022-06-23,2779240
2022-06-30,2781110
2022-07-07,2786840
2022-07-14,3232510
2022-07-21,3113650
2022-07-28,3062650
2022-08-04,3194740
2022-08-11,3150110
2022-08-18,2936370
2022-08-25,2794740
2022-09-01,2781330
2022-09-08,2899900
2022-09-15,2678660
2022-09-22,2832130
2022-09-29,2910450
2022-10-06,2818540
2022-10-13,2870820
2022-10-20,3045980
2022-10-27,2981300
2022-11-03,2328120
2022-11-10,2325750
2022-11-17,2317950
2022-11-24,2363220
2022-12-01,2291420
2022-12-08,2412690
2022-12-15,2219170
2022-12-22,2213550
2022-12-29,2224400
2023-01-05,2343080
2023-01-12,2666700
2023-01-19,2978910
2023-01-26,3062480
2023-02-02,3020890
2023-02-09,3246810
2023-02-15,-1
2023-02-16,3239360
2023-02-17,-1
2023-02-18,-1
2023-02-19,-1
2023-02-20,-1
2023-02-21,-1
2023-02-22,-1
2023-02-23,3208310
2023-02-24,-1
2023-02-25,-1
2023-02-26,-1
2023-02-27,-1
2023-02-28,-1
2023-03-01,-1
2023-03-02,2973910
2023-03-03,-1
2023-03-04,-1
2023-03-05,-1
2023-03-06,-1
2023-03-07,-1
2023-03-08,-1
2023-03-09,3236020
2023-03-10,-1
2023-03-11,-1
2023-03-12,-1
2023-03-13,-1
2023-03-14,-1
2023-03-15,-1
2023-03-16,3590820
2023-03-17,-1
2023-03-18,-1
2023-03-19,-1
2023-03-20,-1
2023-03-21,-1
2023-03-22,-1
2023-03-23,3768660
2023-03-24,-1
2023-03-25,-1
2023-03-26,-1
2023-03-27,-1
2023-03-28,-1
2023-03-29,-1
2023-03-30,3699640
2023-03-31,-1
2023-04-01,-1
2023-04-02,-1
2023-04-03,-1
2023-04-04,-1
2023-04-05,-1
2023-04-06,3983540
2023-04-07,-1
2023-04-08,-1
2023-04-09,-1
2023-04-10,-1
2023-04-11,-1
2023-04-12,-1
2023-04-13,3878820
2023-04-14,-1
2023-04-15,-1
2023-04-16,-1
2023-04-17,-1
2023-04-18,-1
2023-04-19,-1
2023-04-20,3786120
2023-04-21,-1
2023-04-22,-1
2023-04-23,-1
2023-04-24,-1
2023-04-25,-1
2023-04-26,-1
2023-04-27,3910590
2023-04-28,-1
2023-04-29,-1
2023-04-30,-1
2023-05-01,-1
2023-05-02,-1
2023-05-03,-1
2023-05-04,3694360
2023-05-05,-1
2023-05-06,-1
2023-05-07,-1
2023-05-08,-1
2023-05-09,-1
2023-05-10,-1
2023-05-11,3768660
2023-05-12,-1
2023-05-13,-1
2023-05-14,-1
2023-05-15,-1
2023-05-16,-1
2023-05-17,-1
2023-05-18,3658360
2023-05-19,-1
2023-05-20,-1
2023-05-21,-1
2023-05-22,-1
2023-05-23,-1
2023-05-24,-1
2023-05-25,3786120
2023-05-26,-1
2023-05-27,-1
2023-05-28,-1
2023-05-29,-1
2023-05-30,-1
2023-05-31,-1
2023-06-01,3682590
2023-06-02,-1
2023-06-03,-1
2023-06-04,-1
2023-06-05,-1
2023-06-06,-1
2023-06-07,-1
2023-06-08,3508170
2023-06-09,-1
2023-06-10,-1
2023-06-11,-1
2023-06-12,-1
2023-06-13,-1
2023-06-14,-1
2023-06-15,4259600
2023-06-16,-1
2023-06-17,-1
2023-06-18,-1
2023-06-19,-1
2023-06-20,-1
2023-06-21,-1
2023-06-22,4349110
2023-06-23,-1
2023-06-24,-1
2023-06-25,-1
2023-06-26,-1
2023-06-27,-1
2023-06-28,-1
2023-06-29,4399640
2023-06-30,-1
2023-07-01,-1
2023-07-02,-1
2023-07-03,-1
2023-07-04,-1
2023-07-05,-1
2023-07-06,4200960
2023-07-07,-1
2023-07-08,-1
2023-07-09,-1
2023-07-10,-1
2023-07-11,-1
2023-07-12,-1
2023-07-13,4171940
2023-07-14,-1
2023-07-15,-1
2023-07-16,-1
2023-07-17,-1
2023-07-18,-1
2023-07-19,-1
2023-07-20,4124020
2023-07-21,-1
2023-07-22,-1
2023-07-23,-1
2023-07-24,-1
2023-07-25,-1
2023-07-26,-1
2023-07-27,4171940
2023-07-28,-1
2023-07-29,-1
2023-07-30,-1
2023-07-31,-1
2023-08-01,-1
2023-08-02,-1
2023-08-03,4239960
2023-08-04,-1
2023-08-05,-1
2023-08-06,-1
2023-08-07,-1
2023-08-08,-1
2023-08-09,-1
2023-08-10,4204920
2023-08-11,-1
2023-08-12,-1
2023-08-13,-1
2023-08-14,-1
2023-08-15,-1
2023-08-16,-1
2023-08-17,3825640
2023-08-18,-1
2023-08-19,-1
2023-08-20,-1
2023-08-21,-1
2023-08-22,-1
2023-08-23,-1
2023-08-24,3990810
2023-08-25,-1
2023-08-26,-1
2023-08-27,-1
2023-08-28,-1
2023-08-29,-1
2023-08-30,-1
2023-08-31,3796400
2023-09-01,-1
2023-09-02,-1
2023-09-03,-1
2023-09-04,-1
2023-09-05,-1
2023-09-06,-1
2023-09-07,3864980
2023-09-08,-1
2023-09-09,-1
2023-09-10,-1
2023-09-11,-1
2023-09-12,-1
2023-09-13,-1
2023-09-14,4029810
2023-09-15,-1
2023-09-16,-1
2023-09-17,-1
2023-09-18,-1
2023-09-19,-1
2023-09-20,-1
2023-09-21,3934800
2023-09-22,-1
2023-09-23,-1
2023-09-24,-1
2023-09-25,-1
2023-09-26,-1
2023-09-27,-1
2023-09-28,4139540
2023-09-29,-1
2023-09-30,-1
2023-10-01,-1
2023-10-02,-1
2023-10-03,-1
2023-10-04,-1
2023-10-05,3995650
2023-10-06,-1
2023-10-07,-1
2023-10-08,-1
2023-10-09,-1
2023-10-10,-1
2023-10-11,-1
2023-10-12,4234540
2023-10-13,-1
2023-10-14,-1
2023-10-15,-1
2023-10-16,-1
2023-10-17,-1
2023-10-18,-1
2023-10-19,5173440
2023-10-20,4451600
2023-10-21,4487400
2023-10-22,4496300
2023-10-23,4946800
2023-10-24,5082100
2023-10-25,5175800
2023-10-26,5334690
2023-10-27,5075000
2023-10-28,5101000
2023-10-29,5166600
2023-10-30,5140300
2023-10-31,5233100
2023-11-01,5341300
2023-11-02,5389550
2023-11-03,5180000
2023-11-04,5260000
2023-11-05,5246500
2023-11-06,5258800
2023-11-07,5321800
2023-11-08,5382500
2023-11-09,5730760
2023-11-10,5668000
2023-11-11,5616000
2023-11-12,5633600
2023-11-13,5550200
2023-11-14,5351700
2023-11-15,5737900
2023-11-16,5601460
2023-11-17,5479700
2023-11-18,5465700
2023-11-19,5606800
2023-11-20,5559000
2023-11-21,5300500
2023-11-22,5593000
2023-11-23,5551830
2023-11-24,5636100
2023-11-25,5650500
2023-11-26,5593000
2023-11-27,5521900
2023-11-28,5550200
2023-11-29,5550800
2023-11-30,6437800
2023-12-01,5679500
2023-12-02,5790300
2023-12-03,5845900
2023-12-04,6179700
2023-12-05,6487400
2023-12-06,6449900
2023-12-07,6132400
2023-12-08,6405000
2023-12-09,6339800
2023-12-10,6349000
2023-12-11,6023600
2023-12-12,6029000
2023-12-13,6127500
2023-12-14,6243200
2023-12-15,-1
2023-12-16,-1
2023-12-17,-1
2023-12-18,-1
2023-12-19,-1
2023-12-20,-1
2023-12-21,-1
2023-12-22,-1
2023-12-23,-1
2023-12-24,-1
2023-12-25,-1
2023-12-26,-1
2023-12-27,-1
2023-12-28,-1
2023-12-29,-1
2023-12-30,-1
2023-12-31,-1
2024-01-01,-1
2024-01-02,-1
2024-01-03,-1
2024-01-04,-1
2024-01-05,-1
2024-01-06,-1
2024-01-07,-1
2024-01-08,-1
2024-01-09,-1
2024-01-10,-1
2024-01-11,-1
2024-01-12,-1
2024-01-13,-1
2024-01-14,-1
2024-01-15,-1
2024-01-16,6372300
2024-01-17,6339700
2024-01-18,6116800
2024-01-19,6163900
2024-01-20,6179700
2024-01-21,6163900
2024-01-22,5871500
2024-01-23,5901600
2024-01-24,5916700
2024-01-25,5886500
2024-01-26,6218380
2024-01-27,6243200
2024-01-28,6211400
2024-01-29,6372300
2024-01-30,6323600
2024-01-31,6243200
2024-02-01,6291300
2024-02-02,6388600
2024-02-03,6388600
2024-02-04,6291300
2024-02-05,6323600
2024-02-06,6372300
2024-02-07,6555780
2024-02-08,6775700
2024-02-09,7054130
2024-02-10,7131300
2024-02-11,7191110
2024-02-12,7467300
2024-02-13,7486400
2024-02-14,7805000
2024-02-15,7739600
2024-02-16,7806100
2024-02-17,7759400
2024-02-18,7839200
2024-02-19,7801100
2024-02-20,7827500
2024-02-21,7723800
2024-02-22,7741700
2024-02-23,7656900
2024-02-24,7767750
2024-02-25,7782200
2024-02-26,8238500
2024-02-27,8570800
2024-02-28,9219200
2024-02-29,9184060
2024-03-01,9378600
2024-03-02,9280800
2024-03-03,9442130
2024-03-04,10190000
2024-03-05,9496900
2024-03-06,9868300
2024-03-07,9944300
2024-03-08,10050000
2024-03-09,10073000
2024-03-10,10051000
2024-03-11,10659900
2024-03-12,10499000
2024-03-13,10792500
2024-03-14,10612400
2024-03-15,10307000
2024-03-16,9893600
2024-03-17,10175000
2024-03-18,10073000
2024-03-19,9436220
2024-03-20,10202000
2024-03-21,9918900
2024-03-22,9545600
2024-03-23,9832500
2024-03-24,10121000
2024-03-25,10655300
2024-03-26,10628100
2024-03-27,10494000
2024-03-28,10728200
2024-03-29,10555800
2024-03-30,10561900
2024-03-31,10744500
2024-04-01,10577000
2024-04-02,9995300
2024-04-03,10041000
2024-04-04,10274000
2024-04-05,10265800
2024-04-06,10440000
2024-04-07,10510800
2024-04-08,10900500
2024-04-09,10520000
2024-04-10,10820000
2024-04-11,10760500
2024-04-12,10302500
2024-04-13,9868300
2024-04-14,9996180
2024-04-15,9792900
2024-04-16,9868300
2024-04-17,9496900
2024-04-18,9837960
2024-04-19,9912100
2024-04-20,9994060
2024-04-21,10050900
2024-04-22,10386700
2024-04-23,10277000
2024-04-24,9965100
2024-04-25,10060000
2024-04-26,10098000
2024-04-27,10012000
2024-04-28,9997700
2024-04-29,9980200
2024-04-30,9574500
2024-05-01,9003400
2024-05-02,9101600
2024-05-03,9611120
2024-05-04,9749000
2024-05-05,9780900
2024-05-06,9769200
2024-05-07,9735000
2024-05-08,9529000
2024-05-09,9833100
2024-05-10,9472900
2024-05-11,9505700
2024-05-12,9549000
2024-05-13,9817830
2024-05-14,9656400
2024-05-15,10222000
2024-05-16,10169000
2024-05-17,10399400
2024-05-18,10417000
2024-05-19,10331000
2024-05-20,10877900
2024-05-21,10963000
2024-05-22,10834000
2024-05-23,10643200
2024-05-24,10798900
2024-05-25,10857000
2024-05-26,10753000
2024-05-27,10923100
2024-05-28,10779000
2024-05-29,10653000
2024-05-30,10727100
2024-05-31,10634000
2024-06-01,10646000
2024-06-02,10673000
2024-06-03,10784000
2024-06-04,10918000
2024-06-05,11102700
2024-06-06,11021000
2024-06-07,10878000
2024-06-08,10883700
2024-06-09,10925100
2024-06-10,10925100
2024-06-11,10598800
2024-06-12,10714000
2024-06-13,10507300
2024-06-14,10388200
2024-06-15,10400000
2024-06-16,10502100
2024-06-17,10507000
2024-06-18,10289000
2024-06-19,10261000
2024-06-20,10322800
2024-06-21,10244000
2024-06-22,10271000
2024-06-23,10168000
2024-06-24,9592820
2024-06-25,9898430
2024-06-26,9783600
2024-06-27,9886100
2024-06-28,9719100
2024-06-29,9818960
2024-06-30,10098300
2024-07-01,10153100
2024-07-02,10012000
2024-07-03,9734000
2024-07-04,9377900
2024-07-05,9110900
2024-07-06,9331100
2024-07-07,9094500
2024-07-08,9115600
2024-07-09,9361000
2024-07-10,9327200
2024-07-11,9133900
2024-07-12,9137700
2024-07-13,9392960
2024-07-14,9634000
2024-07-15,10189000
2024-07-16,10219100
2024-07-17,10046900
2024-07-18,10063000
2024-07-19,10526000
2024-07-20,10564000
2024-07-21,10707600
2024-07-22,10622000
2024-07-23,10277700
2024-07-24,10043000
2024-07-25,10119000
2024-07-26,10450000
2024-07-27,10553100
2024-07-28,10479000
2024-07-29,10356700
2024-07-30,10116500
2024-07-31,9748600
2024-08-01,9750900
2024-08-02,8996500
2024-08-03,8883600
2024-08-04,8599600
2024-08-05,7900100
2024-08-06,8123300
2024-08-07,8087700
2024-08-08,9193500
2024-08-09,8915800
2024-08-10,8928500
2024-08-11,8670000
2024-08-12,8693200
2024-08-13,8895500
2024-08-14,8691400
2024-08-15,8597100
2024-08-16,8713300
2024-08-17,8750300
2024-08-18,8778200
2024-08-19,8688700
2024-08-20,8630700
2024-08-21,8867070
2024-08-22,8830600
2024-08-23,9254890
2024-08-24,9233560
2024-08-25,9291590
2024-08-26,9101100
2024-08-27,8553100
2024-08-28,8525100
2024-08-29,8584100
2024-08-30,8659100
2024-08-31,8630700
2024-09-01,8400100
2024-09-02,8724600
2024-09-03,8430600
2024-09-04,8375140
2024-09-05,8064730
2024-09-06,7653520
2024-09-07,7702540
2024-09-08,7771230
2024-09-09,8201340
2024-09-10,8221340
2024-09-11,8200210
2024-09-12,8254230
2024-09-13,8550130
2024-09-14,8461000
2024-09-15,8370490
2024-09-16,8161000
2024-09-17,8561800
2024-09-18,8619410
2024-09-19,8988300
2024-09-20,9098790
2024-09-21,9105540
2024-09-22,9188200
2024-09-23,9094500
2024-09-24,9247950
2024-09-25,9160400
2024-09-26,9428800
2024-09-27,9392140
2024-09-28,9346730
2024-09-29,9373780
2024-09-30,9127460
2024-10-01,8737040
2024-10-02,8915700
2024-10-03,8963020
2024-10-04,9260100
2024-10-05,9226800
2024-10-06,9327200
2024-10-07,9246360
2024-10-08,9226800
2024-10-09,9086560
2024-10-10,8947900
2024-10-11,9327200
2024-10-12,9428800
2024-10-13,9380180
2024-10-14,9935810
2024-10-15,9971500
2024-10-16,10146100
2024-10-17,10117000
2024-10-18,10224100
2024-10-19,10209000
2024-10-20,10353800
2024-10-21,10208200
2024-10-22,10227000
2024-10-23,10154000
2024-10-24,10356000
2024-10-25,10153100
2024-10-26,10226000
2024-10-27,10431000
2024-10-28,10711000
2024-10-29,11152200
2024-10-30,11101700
2024-10-31,10699000
2024-11-01,10603000
2024-11-02,10622000
2024-11-03,10517300
2024-11-04,10338000
2024-11-05,10527000
2024-11-06,11709200
2024-11-07,11584000
2024-11-08,11687500
2024-11-09,11689000
2024-11-10,12317000
2024-11-11,13529000
2024-11-12,13676000
2024-11-13,13950000
2024-11-14,13725100
2024-11-15,14101000
2024-11-16,13949000
2024-11-17,13825000
2024-11-18,14127000
2024-11-19,14179000
2024-11-20,14620200
2024-11-21,15185000
2024-11-22,15295000
2024-11-23,15130000
2024-11-24,15103000
2024-11-25,14542000
2024-11-26,14076000
2024-11-27,14550000
2024-11-28,14489000
2024-11-29,14613600
2024-11-30,14462700
2024-12-01,14620200
2024-12-02,14264000
2024-12-03,14385000
2024-12-04,14789000
2024-12-05,14515000
2024-12-06,15100100
2024-12-07,14967000
2024-12-08,15021400
2024-12-09,14673000
2024-12-10,14750000
2024-12-11,15426000
2024-12-12,15295000
2024-12-13,15551600
2024-12-14,15517500
2024-12-15,15863700
2024-12-16,16322700
2024-12-17,16220300
2024-12-18,15658200
2024-12-19,15461600
2024-12-20,15239900
2024-12-21,15198900
2024-12-22,14940300
2024-12-23,14940300
2024-12-24,15517500
2024-12-25,15545500
2024-12-26,15141400
2024-12-27,14913400
2024-12-28,15039700
2024-12-29,14685900
2024-12-30,14565600
2024-12-31,14704500
2025-01-01,14880800
2025-01-02,15258700
2025-01-03,15449700
2025-01-04,15459700
2025-01-05,15495600
2025-01-06,16083500
2025-01-07,15369000
2025-01-08,15079800
2025-01-09,14646600
2025-01-10,14990600
2025-01-11,14941600
2025-01-12,14851500
2025-01-13,14873300
2025-01-14,15267500
2025-01-15,15584100
2025-01-16,15489500
2025-01-17,16314400
2025-01-18,16263100
2025-01-19,16146100
2025-01-20,16168100
2025-01-21,16529500
2025-01-22,16282300
2025-01-23,16254600
2025-01-24,16364300
2025-01-25,16408400
2025-01-26,16287100
2025-01-27,15743200
2025-01-28,15746800
2025-01-29,16108300
2025-01-30,16233800
2025-01-31,15885900
2025-02-01,15644600
2025-02-02,15226000
2025-02-03,15771700
2025-02-04,15119900
2025-02-05,14868000
2025-02-06,14730900
2025-02-07,14576800
2025-02-08,14641200
2025-02-09,14541200
2025-02-10,14806100
2025-02-11,14602700
2025-02-12,15103300
2025-02-13,14765000
2025-02-14,14828500
2025-02-15,14886500
2025-02-16,14741100
2025-02-17,14564900
2025-02-18,14488800
2025-02-19,14593800
2025-02-20,14699600
2025-02-21,14306900
2025-02-22,14436600
2025-02-23,14306900
2025-02-24,13874500
2025-02-25,13238400
2025-02-26,12572100
2025-02-27,12654300
2025-02-28,12682500
2025-03-01,12979700
2025-03-02,14222500
2025-03-03,13010100
2025-03-04,13166900
2025-03-05,13500800
2025-03-06,13406500
2025-03-07,12870200
2025-03-08,12801500
2025-03-09,11901000
2025-03-10,11709200
2025-03-11,12316300
2025-03-12,12405500
2025-03-13,12053000
2025-03-14,12563200
2025-03-15,12563200
2025-03-16,12271900
2025-03-17,12585900
2025-03-18,12338500
2025-03-19,12828900
2025-03-20,12545000
2025-03-21,12577300
2025-03-22,12548400
2025-03-23,12774800
2025-03-24,13192600
2025-03-25,13130900
2025-03-26,13069200
2025-03-27,13211100
2025-03-28,12654300
2025-03-29,12427900
2025-03-30,12380600
2025-03-31,12405500
2025-04-01,12759000
2025-04-02,12360800
2025-04-03,12064900
2025-04-04,12342800
2025-04-05,12229700
2025-04-06,11479000
2025-04-07,11838100
2025-04-08,11233100
2025-04-09,12255100
2025-04-10,11495800
2025-04-11,11980400
2025-04-12,12245100
2025-04-13,11971500
2025-04-14,12108100
2025-04-15,12021100
2025-04-16,12004500
2025-04-17,12079500
2025-04-18,12071800
2025-04-19,12137700
2025-04-20,12046100
2025-04-21,12290800
2025-04-22,13270000
2025-04-23,13431000
2025-04-24,13356200
2025-04-25,13652700
2025-04-26,13645800
2025-04-27,13530300
2025-04-28,13520600
2025-04-29,13431300
2025-04-30,13491000
2025-05-01,14036800
2025-05-02,14049800
2025-05-03,13988800
2025-05-04,13804300
2025-05-05,13686800
2025-05-06,13802400
2025-05-07,14017000
2025-05-08,15011400
2025-05-09,14952300
2025-05-10,15070000
2025-05-11,15157100
2025-05-12,15199900
2025-05-13,15364000
2025-05-14,15185000
2025-05-15,15079400
2025-05-16,15048600
2025-05-17,15048600
2025-05-18,15350400
2025-05-19,15295000
2025-05-20,15405900
2025-05-21,15658200
2025-05-22,15985900
2025-05-23,15378100
2025-05-24,15433700
2025-05-25,15576000
2025-05-26,15608300
2025-05-27,15736400
2025-05-28,15545500
2025-05-29,15268000
2025-05-30,15010600
2025-05-31,15103000
2025-06-01,15209100
2025-06-02,15048600
2025-06-03,15212400
2025-06-04,14994300
2025-06-05,14567500
2025-06-06,15112200
2025-06-07,15322500
2025-06-08,15285000
2025-06-09,15885900
2025-06-10,15885900
2025-06-11,15630000
2025-06-12,15212400
2025-06-13,15239900
2025-06-14,15185000
2025-06-15,15212400
2025-06-16,15573600
2025-06-17,15179300
2025-06-18,15210000
2025-06-19,15212400
2025-06-20,15075800
2025-06-21,14906500
2025-06-22,14800000
2025-06-23,15394100
2025-06-24,15350400
2025-06-25,15590500
2025-06-26,15489500
2025-06-27,15497200
2025-06-28,15489500
2025-06-29,15614400
2025-06-30,15433800
2025-07-01,15185000
2025-07-02,15636100
2025-07-03,15863700
2025-07-04,15662000
2025-07-05,15662000
2025-07-06,15788800
2025-07-07,15768400
2025-07-08,15943400
2025-07-09,16255600
2025-07-10,16890000
2025-07-11,17292500
2025-07-12,17292500
2025-07-13,17449300
2025-07-14,17735100
2025-07-15,17546200
2025-07-16,17575700
2025-07-17,17767100
2025-07-18,17544000
2025-07-19,17556700
2025-07-20,17489300
2025-07-21,17325800
2025-07-22,17585900
2025-07-23,17385500
2025-07-24,17449300
2025-07-25,17326900
2025-07-26,17433300
2025-07-27,17656000
2025-07-28,17529300
2025-07-29,17513100
2025-07-30,17553200
2025-07-31,17510300
2025-08-01,16688300
2025-08-02,16670000
2025-08-03,16863900
2025-08-04,16971000
2025-08-05,16769000
2025-08-06,16769000
2025-08-07,17137100
2025-08-08,17137100
2025-08-09,17242300
2025-08-10,17512400
2025-08-11,17631700
2025-08-12,17640000
2025-08-13,18100000
2025-08-14,17517000
2025-08-15,17323800
2025-08-16,17323800
2025-08-17,17355000
2025-08-18,17242000
2025-08-19,16739700
2025-08-20,16880000
2025-08-21,16649300
2025-08-22,17128700
2025-08-23,16945600
2025-08-24,16700000
2025-08-25,16348500
2025-08-26,16469900
2025-08-27,16426400
2025-08-28,16545500
2025-08-29,15956000
2025-08-30,15956000
2025-08-31,15972200
2025-09-01,15956000
2025-09-02,16469900
2025-09-03,16591300
2025-09-04,16568000
2025-09-05,16354500
2025-09-06,16263100
2025-09-07,16499700
2025-09-08,16557700
2025-09-09,16440200
2025-09-10,16805200
2025-09-11,16952500
2025-09-12,17145600
2025-09-13,17106500
2025-09-14,17150500
2025-09-15,17013900
2025-09-16,17132200
2025-09-17,17106200
2025-09-18,17329300
2025-09-19,17106200
2025-09-20,17158500
2025-09-21,17117600
2025-09-22,16681800
2025-09-23,16529500
2025-09-24,16891400
2025-09-25,16414200
2025-09-26,16428900
2025-09-27,16412000
2025-09-28,16709500
2025-09-29,16983200
2025-09-30,16868300
2025-10-01,17321500
2025-10-02,17704500
2025-10-03,18025500
2025-10-04,18061500
2025-10-05,18189000
2025-10-06,18788000
2025-10-07,18558800
2025-10-08,18789700
2025-10-09,18656600
2025-10-10,17306600
2025-10-11,16977000
2025-10-12,17566700
2025-10-13,17639800
2025-10-14,17168100
2025-10-15,16739700
2025-10-16,16242800
2025-10-17,16146100
2025-10-18,16175300
2025-10-19,16507700
2025-10-20,16619300
2025-10-21,16563000
2025-10-22,16269000
2025-10-23,16709500
2025-10-24,16998900
2025-10-25,17030000
2025-10-26,17449300
2025-10-27,17422000
2025-10-28,17266000
2025-10-29,16983200
2025-10-30,16589300
2025-10-31,16861000
2025-11-01,16861000
2025-11-02,16891400
2025-11-03,16431600
2025-11-04,15575000
2025-11-05,16013800
2025-11-06,15489500
2025-11-07,15898700
2025-11-08,15686500
2025-11-09,16058900
2025-11-10,16356900
2025-11-11,15857300
2025-11-12,15797400
2025-11-13,15453600
2025-11-14,14673000
2025-11-15,14752700
2025-11-16,14568800
2025-11-17,14330000
2025-11-18,14503700
2025-11-19,14204000
2025-11-20,13849500
2025-11-21,13195800
2025-11-22,13286300
2025-11-23,13774700
2025-11-24,13913800
2025-11-25,13650900
2025-11-26,14152800
2025-11-27,14281100
2025-11-28,14204000
2025-11-29,14200000
2025-11-30,14264400
2025-12-01,13477500
2025-12-02,14297800
2025-12-03,14564200
2025-12-04,14339600
2025-12-05,13878500
2025-12-06,13905500
2025-12-07,13925400
2025-12-08,14173300
2025-12-09,14562700
2025-12-10,14443300
2025-12-11,14364500
2025-12-12,14089800
2025-12-13,14059500
2025-12-14,13798100
2025-12-15,13381000
2025-12-16,13584700
2025-12-17,13405600
2025-12-18,13258600
2025-12-19,13904800
2025-12-20,13901600
2025-12-21,13867100
2025-12-22,13919700
2025-12-23,13650800
2025-12-24,13715400
2025-12-25,13671400
2025-12-26,13706100
2025-12-27,13720300
2025-12-28,13766500
2025-12-29,13620200
2025-12-30,13803500
2025-12-31,13705000
2026-01-01,13857700
2026-01-02,14137200
2026-01-03,14179500
2026-01-04,14285000
2026-01-05,14737600
2026-01-06,14602700
2026-01-07,14284600
2026-01-08,14313400
2026-01-09,14296100
2026-01-10,14284800
2026-01-11,14304300
2026-01-12,14398300
2026-01-13,15234200
2026-01-14,15344000
2026-01-15,15163800
2026-01-16,15094400
2026-01-17,15052900
2026-01-18,15086400
2026-01-19,14654600
2026-01-20,13985000
2026-01-21,14217000
2026-01-22,14153900
2026-01-23,13973100
2026-01-24,13901800
2026-01-25,13344000
2026-01-26,13573200
2026-01-27,13498000
2026-01-28,13685000
2026-01-29,12941100
2026-01-30,13017500
2026-01-31,12142200
2026-02-01,11990300
2026-02-02,12252500
2026-02-03,11864300
2026-02-04,11401800
2026-02-05,10073000
2026-02-06,11204300
2026-02-07,10885200
2026-02-08,11173500
2026-02-09,10982800
2026-02-10,10618400
2026-02-11,10338200
2026-02-12,10121200
2026-02-13,10537000
2026-02-14,10704700
2026-02-15,10541600
2026-02-16,10550900
2026-02-17,10373600
2026-02-18,10292300
2026-02-19,10377900
2026-02-20,10546900
2026-02-21,10559800
2026-02-22,10488100
2026-02-23,10022400
2026-02-24,9992260
2026-02-25,10689000
2026-02-26,10552000
2026-02-27,10249200
2026-02-28,10497500
2026-03-01,10184600
2026-03-02,10926000
2026-03-03,10787600
2026-03-04,11421200
2026-03-05,11227300
2026-03-06,10792100
2026-03-07,10622200
2026-03-08,10482400
2026-03-09,10839500
2026-03-10,11026200
2026-03-11,11197200
2026-03-12,11173700
2026-03-13,11286300
2026-03-14,11304000
2026-03-15,11622100
2026-03-16,11898900
2026-03-17,11813900
2026-03-18,11370400
2026-03-19,11086400
2026-03-20,11272000
2026-03-21,11204700
2026-03-22,10891100
2026-03-23,11230100
2026-03-24,11165900
2026-03-25,11380900
2026-03-26,10998600
2026-03-27,10602300
2026-03-28,10704100
2026-03-29,10560300
2026-03-30,10671900
2026-03-31,10826400
2026-04-01,10818600
2026-04-02,10682800
2026-04-03,10666700
2026-04-04,10751900
2026-04-05,10900300
2026-04-06,10998700
2026-04-07,11356200
2026-04-08,11299800
2026-04-09,11488000
2026-04-10,11643400
2026-04-11,11727100
2026-04-12,11364100
2026-04-13,11893000
2026-04-14,11802200
2026-04-15,11965800
2026-04-16,11956600
2026-04-17,12298100
2026-04-18,12073000
2026-04-19,11804700
2026-04-20,12092300
2026-04-21,12084900
2026-04-22,12537100
2026-04-23,12499600
2026-04-24,12359900
2026-04-25,12370700
2026-04-26,12494800
2026-04-27,12277000
2026-04-28,12175000
2026-04-29,12175500
2026-04-30,11967000
2026-05-01,12279900
2026-05-02,12372100
2026-05-03,12426100
2026-05-04,12594100
2026-05-05,12790800
2026-05-06,12730900
2026-05-07,12550100
2026-05-08,12578400
2026-05-09,12655900
2026-05-10,12857800
2026-05-11,12869200
2026-05-12,12724700
2026-05-13,12554800
2026-05-14,12910300
2026-05-15,12585500
2026-05-16,12466700
2026-05-17,12422900
2026-05-18,12261400
2026-05-19,12249800
2026-05-20,12329600
2026-05-21,12347100
2026-05-22,12052700
2026-05-23,12181000
2026-05-24,12190700
2026-05-25,12259600
2026-05-26,12054300
2026-05-27,11855800
2026-05-28,11696300
2026-05-29,11696600
2026-05-30,11757100
2026-05-31,11763900
2026-06-01,11378600
2026-06-02,10623200
2026-06-03,10368700
2026-06-04,10178600
2026-06-05,9892820
2026-06-06,9711310
2026-06-07,10092900
2026-06-08,10152400
2026-06-09,9905470
2026-06-10,9850180
2026-06-11,10171000
2026-06-12,10185000
2026-06-13,10345800
2026-06-14,10464200
2026-06-15,10638400
2026-06-16,10575000
2026-06-17,10331200
2026-06-18,10147700
2026-06-19,10205200
2026-06-20,10367000
2026-06-21,10304300
2026-06-22,10337900
2026-06-23,10110300
2026-06-24,9859270
2026-06-25,9680410
2026-06-26,9674000
2026-06-27,9728540
2026-06-28,9542320
2026-06-29,9762240
2026-06-30,9514280
2026-07-01,9852870
2026-07-02,9889920
2026-07-03,10096800
2026-07-04,10174900
2026-07-05,10138100
