date,close_AUD
2010-07-19,-1
2010-07-26,-1
2010-08-02,-1
2010-08-09,-1
2010-08-16,-1
2010-08-23,-1
2010-08-30,-1
2010-09-06,-1
2010-09-13,-1
2010-09-20,-1
2010-09-27,-1
2010-10-04,-1
2010-10-11,-1
2010-10-18,-1
2010-10-25,-1
2010-11-01,-1
2010-11-08,-1
2010-11-15,-1
2010-11-22,-1
2010-11-29,-1
2010-12-06,-1
2010-12-13,-1
2010-12-20,-1
2010-12-27,-1
2011-01-03,-1
2011-01-10,-1
2011-01-17,-1
2011-01-24,-1
2011-01-31,-1
2011-02-07,-1
2011-02-14,-1
2011-02-21,-1
2011-02-28,-1
2011-03-07,-1
2011-03-14,-1
2011-03-21,-1
2011-03-28,-1
2011-04-04,-1
2011-04-11,-1
2011-04-18,-1
2011-04-25,-1
2011-05-02,-1
2011-05-09,-1
2011-05-16,-1
2011-05-23,-1
2011-05-30,-1
2011-06-06,-1
2011-06-13,-1
2011-06-20,-1
2011-06-27,-1
2011-07-04,-1
2011-07-11,-1
2011-07-18,-1
2011-07-25,-1
2011-08-01,-1
2011-08-08,-1
2011-08-15,-1
2011-08-22,-1
2011-08-29,-1
2011-09-05,-1
2011-09-12,-1
2011-09-19,-1
2011-09-26,-1
2011-10-03,-1
2011-10-10,-1
2011-10-17,-1
2011-10-24,-1
2011-10-31,-1
2011-11-07,-1
2011-11-14,-1
2011-11-21,-1
2011-11-28,-1
2011-12-05,-1
2011-12-12,-1
2011-12-19,-1
2011-12-26,-1
2012-01-02,-1
2012-01-09,-1
2012-01-16,-1
2012-01-23,-1
2012-01-30,-1
2012-02-06,-1
2012-02-13,-1
2012-02-20,-1
2012-02-27,-1
2012-03-05,-1
2012-03-12,-1
2012-03-19,-1
2012-03-26,-1
2012-04-02,-1
2012-04-09,-1
2012-04-16,-1
2012-04-23,-1
2012-04-30,-1
2012-05-07,-1
2012-05-14,-1
2012-05-21,-1
2012-05-28,-1
2012-06-04,-1
2012-06-11,-1
2012-06-18,-1
2012-06-25,-1
2012-07-02,-1
2012-07-09,-1
2012-07-16,-1
2012-07-23,-1
2012-07-30,-1
2012-08-06,-1
2012-08-13,-1
2012-08-20,-1
2012-08-27,-1
2012-09-03,-1
2012-09-10,-1
2012-09-17,-1
2012-09-24,-1
2012-10-01,-1
2012-10-08,-1
2012-10-15,-1
2012-10-22,-1
2012-10-29,-1
2012-11-05,-1
2012-11-12,-1
2012-11-19,-1
2012-11-26,-1
2012-12-03,-1
2012-12-10,-1
2012-12-17,-1
2012-12-24,-1
2012-12-31,-1
2013-01-07,-1
2013-01-14,-1
2013-01-21,-1
2013-01-28,-1
2013-02-04,-1
2013-02-11,-1
2013-02-18,-1
2013-02-25,-1
2013-03-04,-1
2013-03-11,-1
2013-03-18,-1
2013-03-25,-1
2013-04-01,-1
2013-04-08,-1
2013-04-15,-1
2013-04-22,-1
2013-04-29,-1
2013-05-06,-1
2013-05-13,-1
2013-05-20,-1
2013-05-27,-1
2013-06-03,-1
2013-06-10,-1
2013-06-17,-1
2013-06-24,-1
2013-07-01,-1
2013-07-08,-1
2013-07-15,-1
2013-07-22,-1
2013-07-29,-1
2013-08-05,-1
2013-08-12,-1
2013-08-19,-1
2013-08-26,-1
2013-09-02,-1
2013-09-09,-1
2013-09-16,-1
2013-09-23,-1
2013-09-30,-1
2013-10-03,-1
2013-10-10,-1
2013-10-17,-1
2013-10-24,-1
2013-10-31,-1
2013-11-07,-1
2013-11-14,-1
2013-11-21,-1
2013-11-28,-1
2013-12-05,-1
2013-12-12,-1
2013-12-19,-1
2013-12-26,-1
2014-01-02,-1
2014-01-09,-1
2014-01-16,-1
2014-01-23,-1
2014-01-30,-1
2014-02-06,-1
2014-02-13,-1
2014-02-20,-1
2014-02-27,-1
2014-03-06,-1
2014-03-13,-1
2014-03-20,-1
2014-03-27,-1
2014-04-03,-1
2014-04-10,-1
2014-04-17,-1
2014-04-24,-1
2014-05-01,-1
2014-05-08,-1
2014-05-15,-1
2014-05-22,-1
2014-05-29,-1
2014-06-05,-1
2014-06-12,-1
2014-06-19,-1
2014-06-26,-1
2014-07-03,-1
2014-07-10,-1
2014-07-17,-1
2014-07-24,-1
2014-07-31,-1
2014-08-07,-1
2014-08-14,-1
2014-08-21,-1
2014-08-28,-1
2014-09-04,-1
2014-09-11,-1
2014-09-18,-1
2014-09-25,-1
2014-10-02,-1
2014-10-09,-1
2014-10-16,-1
2014-10-23,-1
2014-10-30,-1
2014-11-06,-1
2014-11-13,-1
2014-11-20,-1
2014-11-27,-1
2014-12-04,-1
2014-12-11,-1
2014-12-18,-1
2014-12-25,-1
2015-01-01,-1
2015-01-08,-1
2015-01-15,-1
2015-01-22,-1
2015-01-29,-1
2015-02-05,-1
2015-02-12,-1
2015-02-19,-1
2015-02-26,-1
2015-03-05,-1
2015-03-12,-1
2015-03-19,-1
2015-03-26,-1
2015-04-02,-1
2015-04-09,-1
2015-04-16,-1
2015-04-23,-1
2015-04-30,-1
2015-05-07,-1
2015-05-14,-1
2015-05-21,-1
2015-05-28,-1
2015-06-04,-1
2015-06-11,-1
2015-06-18,-1
2015-06-25,-1
2015-07-02,-1
2015-07-09,-1
2015-07-16,-1
2015-07-23,-1
2015-07-30,-1
2015-08-06,-1
2015-08-13,-1
2015-08-20,-1
2015-08-27,-1
2015-09-03,-1
2015-09-10,-1
2015-09-17,-1
2015-09-24,-1
2015-10-01,-1
2015-10-08,-1
2015-10-15,-1
2015-10-22,-1
2015-10-29,-1
2015-11-05,-1
2015-11-12,-1
2015-11-19,-1
2015-11-26,-1
2015-12-03,-1
2015-12-10,-1
2015-12-17,-1
2015-12-24,-1
2015-12-31,-1
2016-01-07,-1
2016-01-14,-1
2016-01-21,-1
2016-01-28,-1
2016-02-04,-1
2016-02-11,-1
2016-02-18,-1
2016-02-25,-1
2016-03-03,-1
2016-03-10,-1
2016-03-17,-1
2016-03-24,-1
2016-03-31,-1
2016-04-07,-1
2016-04-14,-1
2016-04-21,-1
2016-04-28,-1
2016-05-05,-1
2016-05-12,-1
2016-05-19,-1
2016-05-26,-1
2016-06-02,-1
2016-06-09,-1
2016-06-16,-1
2016-06-23,-1
2016-06-30,-1
2016-07-07,-1
2016-07-14,-1
2016-07-21,-1
2016-07-28,-1
2016-08-04,-1
2016-08-11,-1
2016-08-18,-1
2016-08-25,-1
2016-09-01,-1
2016-09-08,-1
2016-09-15,-1
2016-09-22,-1
2016-09-29,-1
2016-10-06,-1
2016-10-13,-1
2016-10-20,-1
2016-10-27,-1
2016-11-03,-1
2016-11-10,-1
2016-11-17,-1
2016-11-24,-1
2016-12-01,-1
2016-12-08,-1
2016-12-15,-1
2016-12-22,-1
2016-12-29,-1
2017-01-05,-1
2017-01-12,-1
2017-01-19,-1
2017-01-26,-1
2017-02-02,-1
2017-02-09,-1
2017-02-16,-1
2017-02-23,-1
2017-03-02,-1
2017-03-09,-1
2017-03-16,-1
2017-03-23,-1
2017-03-30,-1
2017-04-06,-1
2017-04-13,-1
2017-04-20,-1
2017-04-27,-1
2017-05-04,-1
2017-05-11,-1
2017-05-18,-1
2017-05-25,-1
2017-06-01,-1
2017-06-08,-1
2017-06-15,-1
2017-06-22,-1
2017-06-29,-1
2017-07-06,-1
2017-07-13,-1
2017-07-20,-1
2017-07-27,-1
2017-08-03,-1
2017-08-10,-1
2017-08-17,-1
2017-08-24,-1
2017-08-31,-1
2017-09-07,-1
2017-09-14,-1
2017-09-21,-1
2017-09-28,-1
2017-10-05,-1
2017-10-12,-1
2017-10-19,-1
2017-10-26,-1
2017-11-02,-1
2017-11-09,-1
2017-11-16,-1
2017-11-23,-1
2017-11-30,-1
2017-12-07,-1
2017-12-14,-1
2017-12-21,-1
2017-12-28,-1
2018-01-04,-1
2018-01-11,-1
2018-01-18,-1
2018-01-25,-1
2018-02-01,-1
2018-02-08,-1
2018-02-15,-1
2018-02-22,-1
2018-03-01,-1
2018-03-08,-1
2018-03-15,-1
2018-03-22,-1
2018-03-29,-1
2018-04-05,-1
2018-04-12,-1
2018-04-19,-1
2018-04-26,-1
2018-05-03,-1
2018-05-10,-1
2018-05-17,-1
2018-05-24,-1
2018-05-31,-1
2018-06-07,-1
2018-06-14,-1
2018-06-21,-1
2018-06-28,-1
2018-07-05,-1
2018-07-12,-1
2018-07-19,-1
2018-07-26,-1
2018-08-02,-1
2018-08-09,-1
2018-08-16,-1
2018-08-23,-1
2018-08-30,-1
2018-09-06,-1
2018-09-13,-1
2018-09-20,-1
2018-09-27,-1
2018-10-04,-1
2018-10-11,-1
2018-10-18,-1
2018-10-25,-1
2018-11-01,-1
2018-11-08,-1
2018-11-15,-1
2018-11-22,-1
2018-11-29,-1
2018-12-06,-1
2018-12-13,-1
2018-12-20,-1
2018-12-27,-1
2019-01-03,-1
2019-01-10,-1
2019-01-17,-1
2019-01-24,-1
2019-01-31,-1
2019-02-07,-1
2019-02-14,-1
2019-02-21,-1
2019-02-28,-1
2019-03-07,-1
2019-03-14,-1
2019-03-21,-1
2019-03-28,-1
2019-04-04,-1
2019-04-11,-1
2019-04-18,-1
2019-04-25,-1
2019-05-02,-1
2019-05-09,-1
2019-05-16,-1
2019-05-23,-1
2019-05-30,-1
2019-06-06,-1
2019-06-13,-1
2019-06-20,-1
2019-06-27,-1
2019-07-04,-1
2019-07-11,-1
2019-07-18,-1
2019-07-25,-1
2019-08-01,-1
2019-08-08,-1
2019-08-15,-1
2019-08-22,-1
2019-08-29,-1
2019-09-05,-1
2019-09-12,-1
2019-09-19,-1
2019-09-26,-1
2019-10-03,-1
2019-10-10,-1
2019-10-17,-1
2019-10-24,-1
2019-10-31,-1
2019-11-07,-1
2019-11-14,-1
2019-11-21,-1
2019-11-28,-1
2019-12-05,-1
2019-12-12,-1
2019-12-19,-1
2019-12-26,-1
2020-01-02,-1
2020-01-09,-1
2020-01-16,-1
2020-01-23,-1
2020-01-30,-1
2020-02-06,-1
2020-02-13,-1
2020-02-20,-1
2020-02-27,-1
2020-03-05,-1
2020-03-12,-1
2020-03-19,-1
2020-03-26,-1
2020-04-02,-1
2020-04-09,-1
2020-04-16,-1
2020-04-23,-1
2020-04-30,-1
2020-05-07,-1
2020-05-14,-1
2020-05-21,-1
2020-05-28,-1
2020-06-04,-1
2020-06-11,13546.5
2020-06-18,13597.7
2020-06-25,13391.3
2020-07-02,13553
2020-07-09,13131
2020-07-16,13392.6
2020-07-23,15555.3
2020-07-30,16396.7
2020-08-06,16244.4
2020-08-13,16411.7
2020-08-20,15919.2
2020-08-27,15658.5
2020-09-03,14133.1
2020-09-10,15115
2020-09-17,14572.8
2020-09-24,15166
2020-10-01,15002.7
2020-10-08,16046
2020-10-15,17891.1
2020-10-22,18974.7
2020-10-29,19761.6
2020-11-05,21719
2020-11-12,24525
2020-11-19,25549.3
2020-11-26,25956.5
2020-12-03,25211
2020-12-10,28365.7
2020-12-17,30900
2020-12-24,37653.6
2020-12-31,47348.3
2021-01-07,48491.3
2021-01-14,46008.1
2021-01-21,39778.4
2021-01-28,49316.4
2021-02-04,58636
2021-02-11,67388.4
2021-02-18,62810.1
2021-02-25,65249.7
2021-03-04,72790.2
2021-03-11,75663
2021-03-18,69816
2021-03-25,77391.4
2021-04-01,73803.8
2021-04-08,81668
2021-04-15,70000
2021-04-22,70713.7
2021-04-29,74324.9
2021-05-06,64106.5
2021-05-13,48251.1
2021-05-20,50652.3
2021-05-27,48663.3
2021-06-03,48578.1
2021-06-10,50326.3
2021-06-17,44649.4
2021-06-24,46800
2021-07-01,45207.1
2021-07-08,43925.2
2021-07-15,43679.7
2021-07-22,54265.5
2021-07-29,54210.2
2021-08-05,61936.8
2021-08-12,62237
2021-08-19,67421.9
2021-08-26,66321.3
2021-09-02,62634.9
2021-09-09,65781.7
2021-09-16,60410
2021-09-23,58007.2
2021-09-30,76035.1
2021-10-07,77894.2
2021-10-14,88530.6
2021-10-21,78542.3
2021-10-28,84685.1
2021-11-04,89091.5
2021-11-11,83504.1
2021-11-18,79485.3
2021-11-25,80442.6
2021-12-02,70844.7
2021-12-09,68209.7
2021-12-16,67714.5
2021-12-23,64225.1
2021-12-30,60448
2022-01-06,60478
2022-01-13,57909.4
2022-01-20,51786.3
2022-01-27,51948.2
2022-02-03,61800
2022-02-10,61240
2022-02-17,51704.8
2022-02-24,60371.8
2022-02-27,-1
2022-02-28,-1
2022-03-01,-1
2022-03-02,-1
2022-03-03,-1
2022-03-04,-1
2022-03-05,-1
2022-03-06,-1
2022-03-07,-1
2022-03-08,-1
2022-03-09,-1
2022-03-10,-1
2022-03-11,-1
2022-03-12,-1
2022-03-13,-1
2022-03-14,-1
2022-03-15,-1
2022-03-16,-1
2022-03-17,-1
2022-03-18,-1
2022-03-19,-1
2022-03-20,-1
2022-03-21,-1
2022-03-22,-1
2022-03-23,-1
2022-03-24,-1
2022-03-25,-1
2022-03-26,-1
2022-03-27,-1
2022-03-28,-1
2022-03-29,-1
2022-03-30,-1
2022-03-31,-1
2022-04-01,-1
2022-04-02,-1
2022-04-03,-1
2022-04-04,-1
2022-04-05,-1
2022-04-06,-1
2022-04-07,-1
2022-04-08,-1
2022-04-09,-1
2022-04-10,-1
2022-04-11,-1
2022-04-12,-1
2022-04-13,-1
2022-04-14,-1
2022-04-15,-1
2022-04-16,-1
2022-04-17,-1
2022-04-18,-1
2022-04-19,-1
2022-04-20,-1
2022-04-21,-1
2022-04-22,-1
2022-04-23,-1
2022-04-24,-1
2022-04-25,-1
2022-04-26,-1
2022-04-27,-1
2022-04-28,-1
2022-04-29,-1
2022-04-30,-1
2022-05-01,-1
2022-05-02,-1
2022-05-03,-1
2022-05-04,-1
2022-05-05,-1
2022-05-06,-1
2022-05-07,-1
2022-05-08,-1
2022-05-09,-1
2022-05-10,-1
2022-05-11,-1
2022-05-12,-1
2022-05-13,-1
2022-05-14,-1
2022-05-15,-1
2022-05-16,-1
2022-05-17,-1
2022-05-18,-1
2022-05-19,-1
2022-05-20,-1
2022-05-21,-1
2022-05-22,-1
2022-05-23,-1
2022-05-24,-1
2022-05-25,-1
2022-05-26,-1
2022-05-27,-1
2022-05-28,-1
2022-05-29,-1
2022-05-30,-1
2022-05-31,-1
2022-06-01,-1
2022-06-02,-1
2022-06-03,-1
2022-06-04,-1
2022-06-05,-1
2022-06-06,-1
2022-06-07,-1
2022-06-08,-1
2022-06-09,-1
2022-06-10,-1
2022-06-11,-1
2022-06-12,-1
2022-06-13,-1
2022-06-14,-1
2022-06-15,-1
2022-06-16,-1
2022-06-17,-1
2022-06-18,-1
2022-06-19,-1
2022-06-20,-1
2022-06-21,-1
2022-06-22,-1
2022-06-23,-1
2022-06-24,-1
2022-06-25,-1
2022-06-26,-1
2022-06-27,-1
2022-06-28,-1
2022-06-29,-1
2022-06-30,-1
2022-07-01,-1
2022-07-02,-1
2022-07-03,-1
2022-07-04,-1
2022-07-05,-1
2022-07-06,-1
2022-07-07,30083
2022-07-08,-1
2022-07-09,-1
2022-07-10,-1
2022-07-11,-1
2022-07-12,-1
2022-07-13,-1
2022-07-14,33813.3
2022-07-15,-1
2022-07-16,-1
2022-07-17,-1
2022-07-18,-1
2022-07-19,-1
2022-07-20,-1
2022-07-21,32984.2
2022-07-22,-1
2022-07-23,-1
2022-07-24,-1
2022-07-25,-1
2022-07-26,-1
2022-07-27,-1
2022-07-28,33017.2
2022-07-29,-1
2022-07-30,-1
2022-07-31,-1
2022-08-01,-1
2022-08-02,-1
2022-08-03,-1
2022-08-04,33847.9
2022-08-05,-1
2022-08-06,-1
2022-08-07,-1
2022-08-08,-1
2022-08-09,-1
2022-08-10,-1
2022-08-11,33655.6
2022-08-12,-1
2022-08-13,-1
2022-08-14,-1
2022-08-15,-1
2022-08-16,-1
2022-08-17,-1
2022-08-18,30988.7
2022-08-19,-1
2022-08-20,-1
2022-08-21,-1
2022-08-22,-1
2022-08-23,-1
2022-08-24,-1
2022-08-25,29412.5
2022-08-26,-1
2022-08-27,-1
2022-08-28,-1
2022-08-29,-1
2022-08-30,-1
2022-08-31,-1
2022-09-01,28628.4
2022-09-02,-1
2022-09-03,-1
2022-09-04,-1
2022-09-05,-1
2022-09-06,-1
2022-09-07,-1
2022-09-08,30053.1
2022-09-09,-1
2022-09-10,-1
2022-09-11,-1
2022-09-12,-1
2022-09-13,-1
2022-09-14,-1
2022-09-15,28020.9
2022-09-16,-1
2022-09-17,-1
2022-09-18,-1
2022-09-19,-1
2022-09-20,-1
2022-09-21,-1
2022-09-22,29890.6
2022-09-23,-1
2022-09-24,-1
2022-09-25,-1
2022-09-26,-1
2022-09-27,-1
2022-09-28,-1
2022-09-29,30954.5
2022-09-30,-1
2022-10-01,-1
2022-10-02,-1
2022-10-03,-1
2022-10-04,-1
2022-10-05,-1
2022-10-06,30495.2
2022-10-07,-1
2022-10-08,-1
2022-10-09,-1
2022-10-10,-1
2022-10-11,-1
2022-10-12,-1
2022-10-13,30551.3
2022-10-14,-1
2022-10-15,-1
2022-10-16,-1
2022-10-17,-1
2022-10-18,-1
2022-10-19,-1
2022-10-20,32000.6
2022-10-21,-1
2022-10-22,-1
2022-10-23,-1
2022-10-24,-1
2022-10-25,-1
2022-10-26,-1
2022-10-27,31845
2022-10-28,-1
2022-10-29,-1
2022-10-30,-1
2022-10-31,-1
2022-11-01,-1
2022-11-02,-1
2022-11-03,24729.2
2022-11-04,-1
2022-11-05,-1
2022-11-06,-1
2022-11-07,-1
2022-11-08,-1
2022-11-09,-1
2022-11-10,24685.9
2022-11-11,-1
2022-11-12,-1
2022-11-13,-1
2022-11-14,-1
2022-11-15,-1
2022-11-16,-1
2022-11-17,24647.9
2022-11-18,-1
2022-11-19,-1
2022-11-20,-1
2022-11-21,-1
2022-11-22,-1
2022-11-23,-1
2022-11-24,25328.7
2022-11-25,-1
2022-11-26,-1
2022-11-27,-1
2022-11-28,-1
2022-11-29,-1
2022-11-30,-1
2022-12-01,25049.1
2022-12-02,-1
2022-12-03,-1
2022-12-04,-1
2022-12-05,-1
2022-12-06,-1
2022-12-07,-1
2022-12-08,25952.6
2022-12-09,-1
2022-12-10,-1
2022-12-11,-1
2022-12-12,-1
2022-12-13,-1
2022-12-14,-1
2022-12-15,25013.9
2022-12-16,-1
2022-12-17,-1
2022-12-18,-1
2022-12-19,-1
2022-12-20,-1
2022-12-21,-1
2022-12-22,24540
2022-12-23,-1
2022-12-24,-1
2022-12-25,-1
2022-12-26,-1
2022-12-27,-1
2022-12-28,-1
2022-12-29,-1
2022-12-30,-1
2022-12-31,-1
2023-01-01,-1
2023-01-02,-1
2023-01-03,-1
2023-01-04,-1
2023-01-05,-1
2023-01-06,-1
2023-01-07,-1
2023-01-08,-1
2023-01-09,-1
2023-01-10,-1
2023-01-11,-1
2023-01-12,-1
2023-01-13,-1
2023-01-14,-1
2023-01-15,-1
2023-01-16,-1
2023-01-17,-1
2023-01-18,-1
2023-01-19,-1
2023-01-20,-1
2023-01-21,-1
2023-01-22,-1
2023-01-23,-1
2023-01-24,-1
2023-01-25,-1
2023-01-26,-1
2023-01-27,-1
2023-01-28,32381
2023-01-29,33511
2023-01-30,32433
2023-01-31,32852
2023-02-01,33242
2023-02-02,33197
2023-02-03,33890
2023-02-04,33707
2023-02-05,33208
2023-02-06,33034
2023-02-07,33383
2023-02-08,33147
2023-02-09,31504
2023-02-10,31298
2023-02-11,31685
2023-02-12,31479
2023-02-13,31993
2023-02-14,31755
2023-02-15,35139
2023-02-16,34309
2023-02-17,35730
2023-02-18,35885
2023-02-19,35453
2023-02-20,35805
2023-02-21,35627
2023-02-22,35570
2023-02-23,35117
2023-02-24,34500
2023-02-25,34524
2023-02-26,34987
2023-02-27,34793
2023-02-28,34546
2023-03-01,34794
2023-03-02,34913
2023-03-03,32980
2023-03-04,33104
2023-03-05,33180
2023-03-06,33293
2023-03-07,33632
2023-03-08,33011
2023-03-09,30894
2023-03-10,30542
2023-03-11,30815
2023-03-12,32908
2023-03-13,35913
2023-03-14,36660
2023-03-15,36877
2023-03-16,37576
2023-03-17,41432
2023-03-18,40390
2023-03-19,41980
2023-03-20,41586
2023-03-21,42080
2023-03-22,40682
2023-03-23,42500
2023-03-24,41155
2023-03-25,41267
2023-03-26,42102
2023-03-27,40744
2023-03-28,40542
2023-03-29,42321
2023-03-30,41608
2023-03-31,42664
2023-04-01,42658
2023-04-02,42073
2023-04-03,41160
2023-04-04,41820
2023-04-05,41797
2023-04-06,42057
2023-04-07,41821
2023-04-08,41868
2023-04-09,42601
2023-04-10,44519
2023-04-11,45408
2023-04-12,44541
2023-04-13,44695
2023-04-14,45311
2023-04-15,45295
2023-04-16,45285
2023-04-17,44005
2023-04-18,44976
2023-04-19,43291
2023-04-20,41822
2023-04-21,40756
2023-04-22,41669
2023-04-23,41351
2023-04-24,41044
2023-04-25,42651
2023-04-26,42911
2023-04-27,44538
2023-04-28,44425
2023-04-29,44191
2023-04-30,44447
2023-05-01,42367
2023-05-02,43106
2023-05-03,43860
2023-05-04,42962
2023-05-05,43910
2023-05-06,42941
2023-05-07,42811
2023-05-08,40886
2023-05-09,40823
2023-05-10,40854
2023-05-11,40385
2023-05-12,40312
2023-05-13,40557
2023-05-14,40497
2023-05-15,40761
2023-05-16,40509
2023-05-17,41067
2023-05-18,40494
2023-05-19,40331
2023-05-20,40588
2023-05-21,40217
2023-05-22,40355
2023-05-23,41052
2023-05-24,40231
2023-05-25,40513
2023-05-26,40957
2023-05-27,41117
2023-05-28,43052
2023-05-29,42480
2023-05-30,42520
2023-05-31,41689
2023-06-01,40808
2023-06-02,41279
2023-06-03,40997
2023-06-04,41330
2023-06-05,38992
2023-06-06,40636
2023-06-07,39492
2023-06-08,39608
2023-06-09,39288
2023-06-10,38575
2023-06-11,38491
2023-06-12,38386
2023-06-13,38150
2023-06-14,36923
2023-06-15,37117
2023-06-16,38342
2023-06-17,38744
2023-06-18,38489
2023-06-19,39069
2023-06-20,41584
2023-06-21,44070
2023-06-22,44371
2023-06-23,45793
2023-06-24,45715
2023-06-25,45513
2023-06-26,45236
2023-06-27,45775
2023-06-28,45606
2023-06-29,45845
2023-06-30,45721
2023-07-01,45861
2023-07-02,45871
2023-07-03,46597
2023-07-04,46072
2023-07-05,45806
2023-07-06,45533
2023-07-07,45417
2023-07-08,45273
2023-07-09,45251
2023-07-10,45468
2023-07-11,45768
2023-07-12,44834
2023-07-13,45526
2023-07-14,44575
2023-07-15,44519
2023-07-16,44542
2023-07-17,44304
2023-07-18,43870
2023-07-19,44187
2023-07-20,44045
2023-07-21,44543
2023-07-22,44365
2023-07-23,44760
2023-07-24,43328
2023-07-25,43114
2023-07-26,43724
2023-07-27,43519
2023-07-28,44050
2023-07-29,44183
2023-07-30,43851
2023-07-31,43516
2023-08-01,44400
2023-08-02,44639
2023-08-03,44556
2023-08-04,44294
2023-08-05,44277
2023-08-06,44235
2023-08-07,44320
2023-08-08,45445
2023-08-09,45213
2023-08-10,45189
2023-08-11,45278
2023-08-12,45262
2023-08-13,45126
2023-08-14,45368
2023-08-15,45229
2023-08-16,44980
2023-08-17,41998
2023-08-18,40826
2023-08-19,40886
2023-08-20,41039
2023-08-21,40820
2023-08-22,40244
2023-08-23,40897
2023-08-24,40755
2023-08-25,40694
2023-08-26,40703
2023-08-27,40741
2023-08-28,40499
2023-08-29,42624
2023-08-30,42051
2023-08-31,40270
2023-09-01,39984
2023-09-02,40132
2023-09-03,40200
2023-09-04,39940
2023-09-05,40368
2023-09-06,40277
2023-09-07,41277
2023-09-08,40655
2023-09-09,40651
2023-09-10,40505
2023-09-11,39170
2023-09-12,40482
2023-09-13,40969
2023-09-14,41411
2023-09-15,41674
2023-09-16,41408
2023-09-17,41220
2023-09-18,41794
2023-09-19,42227
2023-09-20,42126
2023-09-21,41515
2023-09-22,41360
2023-09-23,41375
2023-09-24,41259
2023-09-25,40999
2023-09-26,40929
2023-09-27,41446
2023-09-28,42071
2023-09-29,41880
2023-09-30,42036
2023-10-01,43529
2023-10-02,43385
2023-10-03,43428
2023-10-04,43942
2023-10-05,43204
2023-10-06,43972
2023-10-07,43978
2023-10-08,43999
2023-10-09,43118
2023-10-10,42771
2023-10-11,41897
2023-10-12,42404
2023-10-13,42704
2023-10-14,42771
2023-10-15,43106
2023-10-16,44985
2023-10-17,44682
2023-10-18,44824
2023-10-19,45474
2023-10-20,47055
2023-10-21,47569
2023-10-22,47602
2023-10-23,52533
2023-10-24,53711
2023-10-25,55139
2023-10-26,54138
2023-10-27,53470
2023-10-28,54049
2023-10-29,54858
2023-10-30,54294
2023-10-31,54620
2023-11-01,55107
2023-11-02,54353
2023-11-03,53498
2023-11-04,54187
2023-11-05,53950
2023-11-06,54237
2023-11-07,55033
2023-11-08,56057
2023-11-09,57612
2023-11-10,58824
2023-11-11,58204
2023-11-12,58610
2023-11-13,57315
2023-11-14,54880
2023-11-15,58249
2023-11-16,56164
2023-11-17,56360
2023-11-18,56498
2023-11-19,57018
2023-11-20,57257
2023-11-21,55665
2023-11-22,57409
2023-11-23,56919
2023-11-24,57531
2023-11-25,57608
2023-11-26,57362
2023-11-27,56294
2023-11-28,57023
2023-11-29,57182
2023-11-30,57105
2023-12-01,58158
2023-12-02,59161
2023-12-03,60085
2023-12-04,63508
2023-12-05,67478
2023-12-06,66743
2023-12-07,65719
2023-12-08,67583
2023-12-09,67066
2023-12-10,66824
2023-12-11,63293
2023-12-12,63145
2023-12-13,64903
2023-12-14,64510
2023-12-15,63108
2023-12-16,63367
2023-12-17,62500
2023-12-18,63558
2023-12-19,62895
2023-12-20,64819
2023-12-21,64803
2023-12-22,64707
2023-12-23,64820
2023-12-24,63565
2023-12-25,64604
2023-12-26,62430
2023-12-27,63501
2023-12-28,62536
2023-12-29,61426
2023-12-30,62171
2023-12-31,62512
2024-01-01,64124
2024-01-02,66831
2024-01-03,63760
2024-01-04,66360
2024-01-05,65869
2024-01-06,65768
2024-01-07,65692
2024-01-08,70048
2024-01-09,69253
2024-01-10,70250
2024-01-11,69484
2024-01-12,63811
2024-01-13,64694
2024-01-14,63667
2024-01-15,64049
2024-01-16,65654
2024-01-17,64988
2024-01-18,63062
2024-01-19,63385
2024-01-20,63692
2024-01-21,63334
2024-01-22,60893
2024-01-23,60130
2024-01-24,60761
2024-01-25,60832
2024-01-26,63856
2024-01-27,64282
2024-01-28,63664
2024-01-29,65290
2024-01-30,65626
2024-01-31,64957
2024-02-01,65399
2024-02-02,66264
2024-02-03,66000
2024-02-04,65255
2024-02-05,65496
2024-02-06,66159
2024-02-07,67656
2024-02-08,69861
2024-02-09,72403
2024-02-10,73298
2024-02-11,73901
2024-02-12,76609
2024-02-13,76742
2024-02-14,79898
2024-02-15,79400
2024-02-16,79736
2024-02-17,79434
2024-02-18,80238
2024-02-19,79712
2024-02-20,79928
2024-02-21,78596
2024-02-22,78593
2024-02-23,77447
2024-02-24,78701
2024-02-25,78876
2024-02-26,83623
2024-02-27,87024
2024-02-28,94384
2024-02-29,94075
2024-03-01,95789
2024-03-02,94672
2024-03-03,96320
2024-03-04,104099
2024-03-05,97378
2024-03-06,100381
2024-03-07,101342
2024-03-08,102880
2024-03-09,103275
2024-03-10,103238
2024-03-11,109603
2024-03-12,107765
2024-03-13,110382
2024-03-14,108963
2024-03-15,105468
2024-03-16,101460
2024-03-17,104397
2024-03-18,103332
2024-03-19,96119
2024-03-20,102896
2024-03-21,99565
2024-03-22,96866
2024-03-23,99897
2024-03-24,103112
2024-03-25,107449
2024-03-26,107677
2024-03-27,106486
2024-03-28,108824
2024-03-29,107399
2024-03-30,107047
2024-03-31,108880
2024-04-01,107608
2024-04-02,101440
2024-04-03,101162
2024-04-04,103363
2024-04-05,103164
2024-04-06,105433
2024-04-07,105877
2024-04-08,108765
2024-04-09,104724
2024-04-10,108420
2024-04-11,107384
2024-04-12,104271
2024-04-13,100966
2024-04-14,101535
2024-04-15,99082
2024-04-16,99788
2024-04-17,96070
2024-04-18,98965
2024-04-19,100027
2024-04-20,101020
2024-04-21,101395
2024-04-22,104077
2024-04-23,102338
2024-04-24,98764
2024-04-25,99229
2024-04-26,97900
2024-04-27,97005
2024-04-28,96817
2024-04-29,97431
2024-04-30,93683
2024-05-01,88857
2024-05-02,90499
2024-05-03,95257
2024-05-04,96661
2024-05-05,96770
2024-05-06,95990
2024-05-07,95474
2024-05-08,93031
2024-05-09,95692
2024-05-10,92211
2024-05-11,92467
2024-05-12,92963
2024-05-13,95071
2024-05-14,93198
2024-05-15,98942
2024-05-16,97988
2024-05-17,99779
2024-05-18,100110
2024-05-19,99028
2024-05-20,104148
2024-05-21,105073
2024-05-22,104197
2024-05-23,102459
2024-05-24,103858
2024-05-25,104419
2024-05-26,103475
2024-05-27,104471
2024-05-28,103204
2024-05-29,102338
2024-05-30,103007
2024-05-31,101551
2024-06-01,101914
2024-06-02,102170
2024-06-03,103097
2024-06-04,106133
2024-06-05,106861
2024-06-06,106344
2024-06-07,105188
2024-06-08,104684
2024-06-09,105430
2024-06-10,104900
2024-06-11,101957
2024-06-12,102687
2024-06-13,100900
2024-06-14,99932
2024-06-15,100255
2024-06-16,100979
2024-06-17,100747
2024-06-18,98123
2024-06-19,97264
2024-06-20,97656
2024-06-21,96668
2024-06-22,96962
2024-06-23,95931
2024-06-24,90292
2024-06-25,93214
2024-06-26,91658
2024-06-27,92642
2024-06-28,90484
2024-06-29,91276
2024-06-30,93892
2024-07-01,94530
2024-07-02,93051
2024-07-03,89913
2024-07-04,86313
2024-07-05,84080
2024-07-06,86362
2024-07-07,83906
2024-07-08,84166
2024-07-09,85933
2024-07-10,85387
2024-07-11,84885
2024-07-12,85322
2024-07-13,87699
2024-07-14,90148
2024-07-15,95353
2024-07-16,96043
2024-07-17,95549
2024-07-18,95561
2024-07-19,99894
2024-07-20,100345
2024-07-21,101571
2024-07-22,101835
2024-07-23,99354
2024-07-24,98868
2024-07-25,100343
2024-07-26,103578
2024-07-27,104510
2024-07-28,103602
2024-07-29,102451
2024-07-30,101099
2024-07-31,99384
2024-08-01,100431
2024-08-02,94283
2024-08-03,93222
2024-08-04,90446
2024-08-05,84451
2024-08-06,86487
2024-08-07,84945
2024-08-08,94521
2024-08-09,92546
2024-08-10,92946
2024-08-11,90039
2024-08-12,89870
2024-08-13,91427
2024-08-14,89469
2024-08-15,87328
2024-08-16,88735
2024-08-17,89061
2024-08-18,89130
2024-08-19,88022
2024-08-20,88126
2024-08-21,90794
2024-08-22,90225
2024-08-23,94442
2024-08-24,94017
2024-08-25,94951
2024-08-26,93104
2024-08-27,87897
2024-08-28,87331
2024-08-29,87326
2024-08-30,87690
2024-08-31,87482
2024-09-01,84933
2024-09-02,87437
2024-09-03,86270
2024-09-04,86494
2024-09-05,83342
2024-09-06,80702
2024-09-07,81180
2024-09-08,82200
2024-09-09,85874
2024-09-10,86571
2024-09-11,86000
2024-09-12,86449
2024-09-13,90453
2024-09-14,89511
2024-09-15,88530
2024-09-16,85871
2024-09-17,89326
2024-09-18,89560
2024-09-19,92391
2024-09-20,92916
2024-09-21,92908
2024-09-22,93840
2024-09-23,92682
2024-09-24,93769
2024-09-25,92876
2024-09-26,94491
2024-09-27,95498
2024-09-28,95270
2024-09-29,94911
2024-09-30,91992
2024-10-01,88448
2024-10-02,88491
2024-10-03,89085
2024-10-04,91529
2024-10-05,91182
2024-10-06,91858
2024-10-07,92601
2024-10-08,92043
2024-10-09,90442
2024-10-10,89216
2024-10-11,92474
2024-10-12,93544
2024-10-13,92923
2024-10-14,98256
2024-10-15,99488
2024-10-16,101473
2024-10-17,100326
2024-10-18,101771
2024-10-19,101819
2024-10-20,102910
2024-10-21,101734
2024-10-22,101332
2024-10-23,100110
2024-10-24,102470
2024-10-25,100800
2024-10-26,101396
2024-10-27,103027
2024-10-28,106020
2024-10-29,110720
2024-10-30,110101
2024-10-31,106882
2024-11-01,105701
2024-11-02,105838
2024-11-03,104589
2024-11-04,103402
2024-11-05,105000
2024-11-06,114700
2024-11-07,113468
2024-11-08,115904
2024-11-09,116109
2024-11-10,121837
2024-11-11,133500
2024-11-12,135547
2024-11-13,137774
2024-11-14,135775
2024-11-15,141019
2024-11-16,139447
2024-11-17,138436
2024-11-18,140112
2024-11-19,140694
2024-11-20,144692
2024-11-21,150755
2024-11-22,151740
2024-11-23,149954
2024-11-24,149340
2024-11-25,145225
2024-11-26,141670
2024-11-27,147860
2024-11-28,147188
2024-11-29,149430
2024-11-30,147969
2024-12-01,149800
2024-12-02,147120
2024-12-03,148136
2024-12-04,152463
2024-12-05,149844
2024-12-06,157050
2024-12-07,156245
2024-12-08,156741
2024-12-09,150867
2024-12-10,151804
2024-12-11,159373
2024-12-12,157375
2024-12-13,158834
2024-12-14,158510
2024-12-15,161699
2024-12-16,165892
2024-12-17,166598
2024-12-18,162561
2024-12-19,157809
2024-12-20,156120
2024-12-21,155966
2024-12-22,153354
2024-12-23,152574
2024-12-24,158442
2024-12-25,158663
2024-12-26,154321
2024-12-27,152277
2024-12-28,153445
2024-12-29,149943
2024-12-30,149431
2024-12-31,151274
2025-01-01,153301
2025-01-02,156099
2025-01-03,158056
2025-01-04,158187
2025-01-05,158452
2025-01-06,163345
2025-01-07,156290
2025-01-08,153403
2025-01-09,149556
2025-01-10,154242
2025-01-11,153888
2025-01-12,152646
2025-01-13,152365
2025-01-14,156014
2025-01-15,160111
2025-01-16,160298
2025-01-17,168509
2025-01-18,168167
2025-01-19,166792
2025-01-20,165264
2025-01-21,169133
2025-01-22,165728
2025-01-23,165602
2025-01-24,166076
2025-01-25,166389
2025-01-26,165467
2025-01-27,161938
2025-01-28,161898
2025-01-29,166443
2025-01-30,169469
2025-01-31,164349
2025-02-01,162214
2025-02-02,159560
2025-02-03,164151
2025-02-04,156474
2025-02-05,154079
2025-02-06,154498
2025-02-07,153460
2025-02-08,154082
2025-02-09,153649
2025-02-10,155193
2025-02-11,152208
2025-02-12,155979
2025-02-13,152750
2025-02-14,152794
2025-02-15,153325
2025-02-16,152687
2025-02-17,151029
2025-02-18,149888
2025-02-19,152057
2025-02-20,153475
2025-02-21,150843
2025-02-22,152057
2025-02-23,150412
2025-02-24,145875
2025-02-25,139887
2025-02-26,133805
2025-02-27,135527
2025-02-28,135421
2025-03-01,138833
2025-03-02,152145
2025-03-03,139472
2025-03-04,139729
2025-03-05,142916
2025-03-06,142907
2025-03-07,137740
2025-03-08,137111
2025-03-09,127801
2025-03-10,126905
2025-03-11,131664
2025-03-12,132269
2025-03-13,129416
2025-03-14,133584
2025-03-15,133260
2025-03-16,129675
2025-03-17,131695
2025-03-18,129783
2025-03-19,135681
2025-03-20,133592
2025-03-21,134203
2025-03-22,133955
2025-03-23,136023
2025-03-24,139322
2025-03-25,139018
2025-03-26,138224
2025-03-27,138609
2025-03-28,134109
2025-03-29,131266
2025-03-30,131302
2025-03-31,131753
2025-04-01,135400
2025-04-02,132351
2025-04-03,130788
2025-04-04,138819
2025-04-05,136805
2025-04-06,129650
2025-04-07,133362
2025-04-08,128658
2025-04-09,134862
2025-04-10,128071
2025-04-11,132671
2025-04-12,135800
2025-04-13,132519
2025-04-14,133668
2025-04-15,132364
2025-04-16,132623
2025-04-17,132623
2025-04-18,132586
2025-04-19,133775
2025-04-20,132961
2025-04-21,135956
2025-04-22,145835
2025-04-23,147352
2025-04-24,145915
2025-04-25,148486
2025-04-26,148000
2025-04-27,146995
2025-04-28,147735
2025-04-29,147900
2025-04-30,146897
2025-05-01,150986
2025-05-02,150219
2025-05-03,149673
2025-05-04,147419
2025-05-05,147216
2025-05-06,147829
2025-05-07,151214
2025-05-08,160717
2025-05-09,160217
2025-05-10,161480
2025-05-11,161662
2025-05-12,161464
2025-05-13,160950
2025-05-14,161116
2025-05-15,161815
2025-05-16,161678
2025-05-17,161107
2025-05-18,164980
2025-05-19,163681
2025-05-20,166472
2025-05-21,169158
2025-05-22,173119
2025-05-23,165895
2025-05-24,166691
2025-05-25,167920
2025-05-26,168492
2025-05-27,169314
2025-05-28,167300
2025-05-29,164531
2025-05-30,161669
2025-05-31,162954
2025-06-01,164023
2025-06-02,162676
2025-06-03,163977
2025-06-04,161504
2025-06-05,156329
2025-06-06,161330
2025-06-07,163395
2025-06-08,163281
2025-06-09,169349
2025-06-10,168513
2025-06-11,166684
2025-06-12,162459
2025-06-13,163110
2025-06-14,162675
2025-06-15,162448
2025-06-16,165511
2025-06-17,161347
2025-06-18,161197
2025-06-19,161478
2025-06-20,159751
2025-06-21,158150
2025-06-22,157046
2025-06-23,163219
2025-06-24,163478
2025-06-25,164687
2025-06-26,163448
2025-06-27,164117
2025-06-28,164194
2025-06-29,165297
2025-06-30,162600
2025-07-01,160688
2025-07-02,165536
2025-07-03,166379
2025-07-04,165217
2025-07-05,165116
2025-07-06,166700
2025-07-07,166165
2025-07-08,166796
2025-07-09,170255
2025-07-10,175596
2025-07-11,178461
2025-07-12,177881
2025-07-13,179893
2025-07-14,182951
2025-07-15,180975
2025-07-16,181894
2025-07-17,184132
2025-07-18,180720
2025-07-19,180497
2025-07-20,180489
2025-07-21,179995
2025-07-22,183021
2025-07-23,179821
2025-07-24,179840
2025-07-25,178826
2025-07-26,179938
2025-07-27,181834
2025-07-28,180674
2025-07-29,181006
2025-07-30,182311
2025-07-31,180578
2025-08-01,175254
2025-08-02,175023
2025-08-03,177363
2025-08-04,178169
2025-08-05,176299
2025-08-06,177030
2025-08-07,180000
2025-08-08,179048
2025-08-09,178133
2025-08-10,181420
2025-08-11,182620
2025-08-12,183644
2025-08-13,187780
2025-08-14,182005
2025-08-15,180677
2025-08-16,180759
2025-08-17,181404
2025-08-18,179605
2025-08-19,175335
2025-08-20,178217
2025-08-21,175202
2025-08-22,179498
2025-08-23,176729
2025-08-24,174468
2025-08-25,170273
2025-08-26,172383
2025-08-27,171157
2025-08-28,172100
2025-08-29,166005
2025-08-30,166387
2025-08-31,166568
2025-09-01,165673
2025-09-02,170688
2025-09-03,171237
2025-09-04,171117
2025-09-05,169209
2025-09-06,168319
2025-09-07,170071
2025-09-08,170254
2025-09-09,169518
2025-09-10,171987
2025-09-11,173014
2025-09-12,174743
2025-09-13,174295
2025-09-14,174084
2025-09-15,172997
2025-09-16,174934
2025-09-17,175178
2025-09-18,177017
2025-09-19,175349
2025-09-20,175846
2025-09-21,175342
2025-09-22,170939
2025-09-23,170158
2025-09-24,172168
2025-09-25,167419
2025-09-26,167490
2025-09-27,167645
2025-09-28,171287
2025-09-29,173689
2025-09-30,172306
2025-10-01,178021
2025-10-02,182126
2025-10-03,184905
2025-10-04,184265
2025-10-05,185846
2025-10-06,187990
2025-10-07,185030
2025-10-08,186983
2025-10-09,185437
2025-10-10,176931
2025-10-11,172651
2025-10-12,177818
2025-10-13,177628
2025-10-14,174667
2025-10-15,170166
2025-10-16,166351
2025-10-17,164866
2025-10-18,164915
2025-10-19,167871
2025-10-20,170070
2025-10-21,168002
2025-10-22,165101
2025-10-23,168923
2025-10-24,170626
2025-10-25,171292
2025-10-26,175079
2025-10-27,173930
2025-10-28,171915
2025-10-29,168928
2025-10-30,164599
2025-10-31,167448
2025-11-01,167771
2025-11-02,167787
2025-11-03,162671
2025-11-04,155579
2025-11-05,159506
2025-11-06,156378
2025-11-07,158990
2025-11-08,157220
2025-11-09,160761
2025-11-10,162099
2025-11-11,157796
2025-11-12,156174
2025-11-13,152598
2025-11-14,145132
2025-11-15,145865
2025-11-16,143898
2025-11-17,141688
2025-11-18,143028
2025-11-19,139459
2025-11-20,136698
2025-11-21,130448
2025-11-22,131621
2025-11-23,136369
2025-11-24,137250
2025-11-25,135468
2025-11-26,138645
2025-11-27,139802
2025-11-28,139387
2025-11-29,138827
2025-11-30,139487
2025-12-01,132730
2025-12-02,140022
2025-12-03,142051
2025-12-04,139877
2025-12-05,134502
2025-12-06,134589
2025-12-07,135114
2025-12-08,137173
2025-12-09,139650
2025-12-10,138740
2025-12-11,138296
2025-12-12,135718
2025-12-13,135625
2025-12-14,133266
2025-12-15,130078
2025-12-16,132290
2025-12-17,130769
2025-12-18,129450
2025-12-19,133436
2025-12-20,133418
2025-12-21,133839
2025-12-22,133090
2025-12-23,130502
2025-12-24,131049
2025-12-25,130486
2025-12-26,130297
2025-12-27,130464
2025-12-28,130912
2025-12-29,130309
2025-12-30,131936
2025-12-31,131287
2026-01-01,132804
2026-01-02,134788
2026-01-03,135293
2026-01-04,136430
2026-01-05,140369
2026-01-06,138445
2026-01-07,135584
2026-01-08,136095
2026-01-09,135444
2026-01-10,135075
2026-01-11,135295
2026-01-12,135955
2026-01-13,142920
2026-01-14,145013
2026-01-15,142636
2026-01-16,142867
2026-01-17,142172
2026-01-18,142844
2026-01-19,137891
2026-01-20,131305
2026-01-21,132767
2026-01-22,130486
2026-01-23,129783
2026-01-24,129312
2026-01-25,124728
2026-01-26,127165
2026-01-27,127217
2026-01-28,126757
2026-01-29,119655
2026-01-30,120843
2026-01-31,112221
2026-02-01,111172
2026-02-02,113347
2026-02-03,107767
2026-02-04,103531
2026-02-05,92147
2026-02-06,102059
2026-02-07,99252
2026-02-08,101459
2026-02-09,99383
2026-02-10,97205
2026-02-11,94634
2026-02-12,93522
2026-02-13,97492
2026-02-14,99100
2026-02-15,97566
2026-02-16,97128
2026-02-17,95369
2026-02-18,94254
2026-02-19,94848
2026-02-20,96210
2026-02-21,96101
2026-02-22,95700
2026-02-23,91836
2026-02-24,90908
2026-02-25,96187
2026-02-26,95229
2026-02-27,92389
2026-02-28,94715
2026-03-01,92571
2026-03-02,97795
2026-03-03,97126
2026-03-04,102899
2026-03-05,101885
2026-03-06,97318
2026-03-07,95800
2026-03-08,95133
2026-03-09,97216
2026-03-10,98073
2026-03-11,98684
2026-03-12,99057
2026-03-13,101465
2026-03-14,101434
2026-03-15,104100
2026-03-16,105763
2026-03-17,104645
2026-03-18,101241
2026-03-19,99128
2026-03-20,100837
2026-03-21,100120
2026-03-22,97524
2026-03-23,100859
2026-03-24,100409
2026-03-25,102713
2026-03-26,99816
2026-03-27,96046
2026-03-28,97128
2026-03-29,96219
2026-03-30,97420
2026-03-31,98771
2026-04-01,98431
2026-04-02,96963
2026-04-03,97071
2026-04-04,97823
2026-04-05,99116
2026-04-06,99466
2026-04-07,101300
2026-04-08,100909
2026-04-09,101879
2026-04-10,103221
2026-04-11,103960
2026-04-12,100950
2026-04-13,105199
2026-04-14,103954
2026-04-15,104555
2026-04-16,104565
2026-04-17,107953
2026-04-18,105833
2026-04-19,103820
2026-04-20,105834
2026-04-21,105819
2026-04-22,109901
2026-04-23,109784
2026-04-24,108297
2026-04-25,108697
2026-04-26,109719
2026-04-27,107292
2026-04-28,106200
2026-04-29,106691
2026-04-30,105925
2026-05-01,108591
2026-05-02,109545
2026-05-03,109750
2026-05-04,111764
2026-05-05,112782
2026-05-06,112453
2026-05-07,111027
2026-05-08,110857
2026-05-09,111546
2026-05-10,113594
2026-05-11,112914
2026-05-12,111451
2026-05-13,109429
2026-05-14,112830
2026-05-15,110699
2026-05-16,109552
2026-05-17,109046
2026-05-18,107442
2026-05-19,107861
2026-05-20,108302
2026-05-21,108506
2026-05-22,106167
2026-05-23,107350
2026-05-24,107240
2026-05-25,107493
2026-05-26,105640
2026-05-27,104057
2026-05-28,102525
2026-05-29,102168
2026-05-30,102795
2026-05-31,102952
2026-06-01,99654
2026-06-02,92432
2026-06-03,90897
2026-06-04,89298
2026-06-05,87496
2026-06-06,86118
2026-06-07,89420
2026-06-08,90091
2026-06-09,87959
2026-06-10,87756
2026-06-11,90000
2026-06-12,90139
2026-06-13,91459
2026-06-14,92492
2026-06-15,93654
2026-06-16,92985
2026-06-17,91622
2026-06-18,89560
2026-06-19,90264
2026-06-20,91606
2026-06-21,90990
2026-06-22,91338
2026-06-23,90417
2026-06-24,88150
2026-06-25,86520
2026-06-26,86984
2026-06-27,87243
2026-06-28,85573
2026-06-29,87533
2026-06-30,84622
2026-07-01,87608
2026-07-02,88749
2026-07-03,90160
2026-07-04,91066
2026-07-05,90631
